1,In Search of Lost Time ,Marcel Proust ,1913
2,Don Quixote,Miguel de Cervantes,1605
3,Ulysses,James Joyce,1922
4,The Great Gatsby ,F. Scott Fitzgerald,1925
5,Moby Dick,Herman Melville,1851
6,Hamlet,William Shakespeare,1601
7,War and Peace,Leo Tolstoy,1869
8,The Odyssey,Homer,-700
9,One Hundred Years of Solitude ,Gabriel Garcia Marquez ,1967
10,The Divine Comedy ,Dante Alighieri ,1472
11,The Brothers Karamazov ,Fyodor Dostoyevsky,1880
12,Madame Bovary,Gustave Flaubert,1857
13,The Adventures of Huckleberry Finn,Mark Twain,1884
14,The Iliad,Homer,-700
15,Lolita ,Vladimir Nabokov,1955
16,Crime and Punishment ,Fyodor Dostoyevsky,1866
17,Alice's Adventures in Wonderland ,Lewis Carroll,1865
18,Wuthering Heights,Emily Brontë,1847
19,Pride and Prejudice,Jane Austen,1813
20,The Catcher in the Rye,J. D. Salinger,1945
21,The Sound and the Fury,William Faulkner,1929
22,To the Lighthouse ,Virginia Woolf ,1927
23,Heart of Darkness,Joseph Conrad,1899
24,Anna Karenina,Leo Tolstoy ,1877
25,Nineteen Eighty Four,George Orwell,1949
26,Great Expectations,Charles Dickens,1861
27,Middlemarch,George Eliot,1871
28,Gulliver's Travels,Jonathan Swift ,1726
29,Catch-22 ,Joseph Heller,1961
30,One Thousand and One Nights,India/Iran/Iraq/Egypt,1706
31,The Grapes of Wrath ,John Steinbeck,1939
32,The Stories of Anton Chekhov,Anton Chekhov,1961
33,"Absalom, Absalom!",William Faulkner,1936
34,Jane Eyre,Charlotte Brontë,1847
35,The Trial,Franz Kafka,1925
36,Invisible Man ,Ralph Ellison,1952
37,Mrs. Dalloway ,Virginia Woolf ,1925
38,The Red and the Black,Stendhal,1830
39,The Aeneid,Virgil,-19
40,David Copperfield,Charles Dickens,1850
41,Beloved,Toni Morrison,1987
42,The Stranger ,Albert Camus,1946
43,Leaves of Grass,Walt Whitman,1855
44,To Kill a Mockingbird ,Harper Lee,1960
45,A Portrait of the Artist as a Young Man ,James Joyce,1917
46,The Sun Also Rises ,Ernest Hemingway,1926
47,Collected Fiction,Jorge Luis Borges,1935
48,Oedipus the King,Sophocles,-429
49,Candide,Voltaire,1759
50,The Canterbury Tales,Geoffrey Chaucer,1380
51,The Complete Stories of Franz Kafka,Franz Kafka,1971
52,As I Lay Dying,William Faulkner,1930
53,Tristram Shandy,Laurence Sterne,1759
54,Midnight's Children ,Salman Rushdie,1981
55,The Complete Tales and Poems of Edgar Allan Poe,Edgar Allan Poe,1975
56,Les Misérables,Victor Hugo,1862
57,A Passage to India ,E.M. Forster,1924
58,Paradise Lost,John Milton,1667
59,Antigone,Sophocles,-442
60,The Portrait of a Lady ,Henry James,1881
61,The Magic Mountain,Thomas Mann,1924
62,Emma,Jane Austen,1815
63,Animal Farm,George Orwell,1946
64,The Old Man and the Sea,Ernest Hemingway,1952
65,Faust,Johann Wolfgang von Goethe,1808
66,The Waste Land,T. S. Eliot,1965
67,The Idiot,Fyodor Dostoyevsky,1868
68,The Lord of the Rings,J. R. R. Tolkien ,1954
69,The Metamorphosis,Franz Kafka,1915
70,Vanity Fair,William Makepeace Thackeray,1847
71,Things Fall Apart ,Chinua Achebe,1958
72,The Good Soldier,Ford Madox Ford,1915
73,A Farewell to Arms,Ernest Hemingway,1929
74,Pale Fire ,Vladimir Nabokov,1962
75,Lord of the Flies ,William Golding,1954
76,Dead Souls,Nikolai Gogol,1842
77,Oresteia,Aeschylus,-458
78,For Whom the Bell Tolls,Ernest Hemingway,1940
79,Frankenstein ,Mary Shelley,1831
80,Gargantua and Pantagruel,Francois Rabelais,1532
81,The Castle,Franz Kafka,1926
82,Under the Volcano ,Malcolm Lowry,1947
83,The Flowers of Evil,Charles Baudelaire,1857
84,Brave New World,Aldous Huxley,1931
85,Journey to the End of The Night,Louis-Ferdinand Céline,1932
86,Tom Jones,Henry Fielding,1749
87,The Scarlet Letter,Nathaniel Hawthorne,1850
88,Fairy Tales and Stories,Hans Christian Anderson,1843
89,Robinson Crusoe,Daniel Defoe,1719
90,Cousin Bette,Honoré de Balzac,1846
91,A Sentimental Education,Gustave Flaubert,1869
92,Gone With the Wind ,Margaret Mitchell,1937
93,Metamorphoses,Ovid,8
94,Oedipus at Colonus,Sophocles,-401
95,Waiting for Godot,Samuel Beckett,1953
96,Tess of the d'Urbervilles,Thomas Hardy,1891
97,Charlotte's Web,E. B. White,1952
98,The Possessed,Fyodor Dostoevsky,1872
99,Decameron,Giovanni Boccaccio,1350
100,Fathers and Sons,Ivan Turgenev,1862
101,Poems of Emily Dickinson,Emily Dickinson,1955
102,The Complete Stories of Flannery O'Connor,Flannery O'Connor,1971
103,Sons and Lovers,D. H. Lawrence,1913
104,Slaughterhouse-Five ,Kurt Vonnegut,1969
105,Stories of Ernest Hemingway,Ernest Hemingway,1987
106,On the Road,Jack Kerouac,1957
107,The Color Purple,Alice Walker,1982
108,The Tin Drum,Günter Grass,1959
109,The Age of Innocence,Edith Wharton,1920
110,Father Goriot,Honoré de Balzac,1835
111,Bleak House,Charles Dickens,1852
112,Collected Poems of W. B. Yeats,W. B. Yeats,1933
113,The Little Prince,Antoine de Saint-Exupéry,1943
114,The Tale of Genji,Murasaki Shikibu,1000
115,Howards End,E. M. Forster,1910
116,A Doll's House,Henrik Ibsen,1879
117,The Master and Margarita,Mikhail Bulgakov,1966
118,All the King's Men,Robert Penn Warren,1946
119,A Clockwork Orange,Anthony Burgess,1962
120,Lord Jim,Joseph Conrad,1900
121,Native Son ,Richard Wright,1940
122,The Charterhouse of Parma,Stendhal,1839
123,The Wind in the Willows,Kenneth Grahame,1908
124,King Lear,William Shakespeare,1608
125,My Antonia,Willa Cather,1918
126,A Season in Hell,Arthur Rimbaud,1873
127,The Moviegoer,Walker Percy,1961
128,Nostromo,Joseph Conrad,1904
129,Treasure Island,Robert Louis Stevenson,1881
130,Doctor Faustus,Thomas Mann,1947
131,Rebecca,Daphne du Maurier,1938
132,The Golden Notebook,Doris Lessing,1962
133,Electra,Sophocles,-409
134,Their Eyes Were Watching God ,Zora Neale Hurston,1937
135,"Rabbit, Run ",John Updike,1960
136,Orlando: A Biography,Virginia Woolf ,1923
137,Atonement,Ian McEwan,2002
138,Buddenbrooks,Thomas Mann,1901
139,The Handmaid's Tale,Margaret Atwood,1985
140,The Count of Monte Cristo,Alexandre Dumas,1844
141,Medea,Euripides,-431
142,Dangerous Liaison,Pierre Choderlos de Laclos,1782
143,Blood Meridian,Cormac McCarthy,1986
144,Twenty Thousand Leagues Under the Sea,Jules Verne,1870
145,Little Women,Louisa May Alcott,1868
146,The Tempest,William Shakespeare,1610
147,Prometheus Bound,Aeschylus,-415
148,First Folio,William Shakespeare,1623
148,The Waves,Virginia Woolf,1931
149,The Call of the Wild,Jack London,1903
150,Women in Love,D. H. Lawrence,1920
151,A Confederacy of Dunces,John Kennedy Toole,1980
152,White Teeth ,Zadie Smith,2000
153,Collected Poems,Wallace Stevens,1955
154,American Pastoral,Philip Roth,1997
155,The Poems of Robert Frost,Robert Frost,1969
156,Epic of Gilgamesh,Unknown,-600
157,Phèdre,Jean Racine,1677
158,The Stories of John Cheever,John Cheever,1978
159,Lost Illusions,Honoré de Balzac,1837
160,The Complete Sherlock Holmes,Arthur Conan Doyle,1887
161,The Suppliants,Aeschylus,-470
162,Seven Against Thebes, Aeschylus,-467
163,The Persians,Aeschylus,-472
164,The Corrections,Jonathan Franzen,2001
165,An American Tragedy,Theodore Dreiser,1925
166,A Room With a View,E.M. Forster,1908
167,Tartuffe,Molière,1664
168,The Ambassadors,Henry James,1903
169,Doctor Zhivago,Boris Pasternak,1957
170,Confessions of Zeno,Italo Svevo,1923
171,Jude the Obscure,Thomas Hardy,1895
172,Henderson The Rain King,Saul Bellow,1959
173,The Stand,Stephen King,1978
174,A Tale of Two Cities,Charles Dickens,1859
175,Eugenie Grandet,Honoré de Balzac,1833
176,Philoctetes,Sophocles,-409
177,Ajax,Sophocles,-450
178,Women of Trachis,Sophocles,-410
179,Rabbit Is Rich,John Updike,1981
180,"The Lion, The Witch and the Wardrobe ",C.S. Lewis,1950
181,Of Mice and Men,John Steinbeck,1937
182,The Plague,Albert Camus,1947
183,Wide Sargasso Sea,Jean Rhys,1966
184,The Leopard,Giuseppe Tomasi di Lampedusa,1958
185,The Remains of the Day,Kazuo Ishiguro,1989
186,2666,Roberto Bolano,2004
187,Tender Is the Night,F. Scott Fitzgerald,1934
188,Rabbit at Rest,John Updike,1990
189,The Man Without Qualities,Robert Musil,1930
190,Persuasion,Jane Austen,1818
191,The Strange Case of Dr. Jekyll and Mr. Hyde,Robert Louis Stevenson,1886
192,Light in August ,William Faulkner,1932
193,Clarissa,Samuel Richardson,1748
194,A Tree Grows in Brooklyn,Betty Smith,1943
195,U.S.A. Trilogy,John Dos Passos,1938
195,The Picture of Dorian Gray,Oscar Wilde,1890
196,Dubliners,James Joyce,1914
197,Household Tales,Brothers Grimm,1812
198,Pedro Paramo,Juan Rulfo,1955
199,A Prayer for Owen Meany ,John Irving ,1989
200,Harry Potter And The Philosopher's Stone,J. K. Rowling,1997
201,The Adventures of Augie March,Saul Bellow,1953
202,The Brief Wondrous Life of Oscar Wao,Junot Diaz,2007
203,The Prime of Miss Jean Brodie ,Muriel Spark,1961
204,Never Let Me Go ,Kazuo Ishiguro,2005
205,Don Juan,Molière,1821
206,The School for Wives,Molière,1662
207,The School for Wives,Molière,1662
208,The Would-Be Gentleman,Molière,1670
209,The Would-Be Invalid,Molière,1673
210,The Miser,Molière,1668
211,Independent People,Halldor Laxness,1946
212,Dune,Frank Herbert,1965
213,Complete Poems of Giacomo Leopardi,Giacomo Leopardi,1946
214,Dracula,Bram Stoker,1897
215,The World According to Garp,John Irving ,1978
216,One Flew Over the Cuckoo's Nest ,Ken Kesey,1962
217,The Heart Is A Lonely Hunter,Carson McCullers,1940
218,Hunger,Knut Hamsun,1890
219,Austerlitz ,W. G. Sebald ,2001
220,The Misanthrope,Molière,1673
221,Rabbit Redux, John Updike,1971
222,"I, Claudius ",Robert Graves,1934
223,Berlin Alexanderplatz,Alfred Döblin,1929
224,The Complete Poetry and Prose of William Blake,William Blake,1827
225,The Mayor of Casterbridge,Thomas Hardy,1886
226,The Amazing Adventures of Kavalier and Clay,Michael Chabon,2000
227,Lysistrata,Aristophanes,-411
228,Nine Stories,J.D. Salinger,1953
229,Middlesex,Jeffrey Eugenides,2002
230,All Quiet on the Western Front,Erich Maria Remarque,1929
231,The Fountainhead,Ayn Rand,1943
232,Macbeth,William Shakespeare,1587
233,Stories of Guy de Maupassant,Guy de Maupassant,1880
234,Finnegans Wake,James Joyce,1939
235,A House for Mr. Biswas ,V.S. Naipaul,1961
236,The Three Musketeers,Alexandre Dumas,1844
237,The Wind-Up Bird Chronicle,Haruki Murakami,1994
238,Bérénice,Jean Racine,1670
239,Memoirs of Hadrian,Marguerite Yourcenar,1951
240,The Pickwick Papers,Charles Dickens,1837
241,The Red Badge of Courage,Stephen Crane,1895
242,Possession ,A.S. Byatt,1990
243,The Princess of Cleves,Madame de La Fayette,1678
244,Love in the Time of Cholera,Gabriel Garcia Marquez,1985
245,Fahrenheit 451,Ray Bradbury,1953
246,The House of Mirth,Edith Wharton,1905
247,Atlas Shrugged,Ayn Rand,1957
248,Collected Poems of Dylan Thomas,Dylan Thomas,1952
249,The Road,Cormac McCarthy,2006
250,De Rerum Natura,Lucretius,-55
251,If on a Winter's Night a Traveller ,Italo Calvino,1979
252,The House of the Spirits,Isabel Allende,1982
253,Parade's End,Ford Madox Ford,1924
254,The Bacchae,Euripides,-405
255,The Book of Disquiet,Fernando Pessoa,1982
256,The Big Sleep,Raymond Chandler,1939
257,Winnie the Pooh,A. A. Milne,1926
258,Steppenwolf,Hermann Hesse,1927
259,Hedda Gabler,Henrik Ibsen,1891
260,Wolf Hall,Hilary Mantel,2009
261,Selected Stories of Alice Munro,Alice Munro,1996
262,The Good Earth,Pearl S. Buck,1931
263,The Birds,Aristophanes,-414
264,A Dance to the Music of Time,Anthony Powell,1951
265,The Killer Angels,Michael Shaara,1974
266,Herzog ,Saul Bellow,1964
267,Through the Looking Glass,Lewis Carroll,1871
268,The Duino Elegies,Rainer Maria Rilke,1923
269,"Look Homeward, Angel",Thomas Wolfe,1929
270,The Unbearable Lightness of Being,Milan Kundera,1984
271,Nineteen Nineteen,John Dos Passos,1932
272,Lucky Jim ,Kingsley Amis,1954
273,The 42nd Parallel,John Dos Passos,1930
274,The Big Money,John Dos Passos,1936
275,Our Mutual Friend,Charles Dickens,1865
276,Pilgrim's Progress ,John Bunyan,1678
277,Of Human Bondage ,W. Somerset Maugham,1915
278,Lady Chatterley's Lover,D. H. Lawrence,1928
279,The Long Goodbye: A Novel,Raymond Chandler,
280,A Handful of Dust ,Evelyn Waugh,1934
281,The Hitchhiker's Guide to the Galaxy,Douglas Adams,1979
282,Le Morte d'Arthur,Thomas Malory,1485
283,Moll Flanders,Daniel Defoe,1772
284,Molloy,Samuel Beckett,1951
285,The Mill on the Floss,George Eliot,1860
286,Mourning Becomes Electra, Eugene O'Neill,1931
287,The Sense of an Ending,Julian Barnes,2011
288,The Voyage of the Dawn Treader: The Chronicles of Narnia,C. S. Lewis,1952
289,The Last Battle: The Chronicles of Narnia,C. S. Lewis,1956
290,Prince Caspian: The Return to Narnia,C. S. Lewis,1951
291,The Horse and His Boy: The Chronicles of Narnia,C. S. Lewis,1954
292,The Silver Chair: The Chronicles of Narnia,C. S. Lewis,1953
293,The Magician's Nephew,"C. S. Lewis, Clive Staples Lewis",1955
294,The Clouds,Aristophanes,-423
295,The Maltese Falcon,Dashiell Hammett,1930
296,The Recognition of Sakuntala,Kalidasa,-200
297,The Sonnets,William Shakespeare,1609
298,Siddhartha,Hermann Hesse,1922
299,Los Siete Locos,Roberto Arlt,1929
300,Bonfire of the Vanities,Tom Wolfe,1987
301,Ethan Frome,Edith Wharton,1911
302,Brighton Rock,Graham Greene,1938
303,NW: A Novel,Zadie Smith,2012
304,Gravity's Rainbow ,Thomas Pynchon,1973
305,Malone Dies,Samuel Beckett,1951
306,The Known World,Edward P. Jones,2003
307,Collected Poems of T.S. Eliot,T.S. Eliot,1936
308,Poems of W. H. Auden,W. H. Auden,1930
309,The Poems of John Keats,John Keats,1821
310,The Rime of the Ancient Mariner,Samuel Taylor Coleridge,1798
311,Death in Venice,Thomas Mann,1912
312,"If I Forget Thee, Jerusalem",William Faulkner,1939
313,Poems of Federico García Lorca,Federico García Lorca,1941
314,"So Long, See You Tomorrow",William Maxwell,1981
315,The Alchemist,Paulo Coelho ,1988
316,Barchester Towers,Anthony Trollope,1857
317,Jakob Von Gunten,Robert Walser,1909
318,A Wrinkle In Time,Madeleine L'Engle,1962
319,Bartleby the Scrivener,Herman Melville,1853
320,The Way We Live Now,Anthony Trollope ,1875
321,The Line of Beauty,Alan Hollinghurst,2004
322,The Counterfeiters,André Gide,1925
323,Kim,Rudyard Kipling,1901
324,Bastard Out of Carolina,Dorothy Allison,1993
325,The Unnamable,Samuel Beckett,1953
326,The Man Who Loved Children ,Christina Stead,1940
327,The Joy Luck Club,Amy Tan,1989
328,Awakening,John Galsworthy,1920
329,To Let,John Galsworthy,1921
330,In Chancery,John Galsworthy,1920
331,The Man of Property,John Galsworth,1906
332,Indian Summer of a Forsyte,John Galsworthy,1918
333,The Master Builder,Henrik Ibsen,1892
334,Zorba the Greek,Nikos Kazantzakis,1946
335,Saint Joan,George Bernard Shaw,1923
336,The Wild Duck,Henrik Ibsen,1885
337,Little Dorrit,Charles Dickens,1857
338,Uncle Vanya,Anton Chekhov,1899
339,White Noise ,Don DeLillo,1985
340,The Book Thief,Markus Zusak,2005
341,Watership Down,Richard Adams,1972
342,Nausea,Jean-Paul Sartre,1938
343,The Cherry Orchard,Anton Chekhov,1904
344,A Midsummer Night's Dream ,William Shakespeare,1596
345,Scoop,Evelyn Waugh,1938
346,Loving,Henry Green,1945
347,2001: A Space Odyssey,Arthur C. Clarke,1951
348,The Good Soldier Svejk,Jaroslav Hašek,1923
349,Trojan Women,Euripides,-415
350,The Confusions of Young Törless,Robert Musil,1906
351,Rubaiyat of Omar Khayyam,Edward FitzGerald,1859
352,The Woman in White,Wilkie Collins,1859
353,Darkness at Noon,Arthur Koestler,1940
354,Adolphe,Benjamin Constant,1816
355,Main Street,Sinclair Lewis,1920
356,The Temple of the Golden Pavilion,Yukio Mishima,1956
357,"Winesburg, Ohio",Sherwood Anderson,1919
358,Cloud Atlas,David Mitchell,2004
359,The Custom of the Country,Edith Wharton,1913
360,"The Sea, The Sea",Iris Murdoch,1978
361,History,Elsa Morante,1974
362,Pippi Longstocking,Astrid Lindgren,1945
363,Jacques the Fatalist and His Master,Denis Diderot,1796
364,The End of the Affair,Graham Greene,1951
365,The Hobbit,J. R. R. Tolkien ,1937
366,The Alexandria Quartet ,Lawrence Durrell,1957
367,Three Sisters,Anton Chekhov,1901
368,The Poems of Francois Villon,François Villon,1463
369,Hawaii,James Albert Michener,1959
370,Humboldt's Gift,Saul Bellow,1975
371,The Time Machine,H. G. Wells,1895
372,Journey to the West, Wu Cheng'en,1592
373,The Prelude,William Wordsworth,1850
374,Brideshead Revisited,Evelyn Waugh,1945
375,Stranger in a Strange Land,Robert A. Heinlein,1961
376,Crash: A Novel,J. G. Ballard,1973
377,Collected Poems,Stéphane Mallarmé,1898
378,The Naked Dead,Norman Mailer,1948
379,The Adventures of Tom Sawyer,Mark Twain,1876
380,Othello,William Shakespeare,1603
381,The Jungle,Upton Sinclair,1906
382,The Heart of the Matter ,Graham Greene,1948
383,Songs of Innocence and Experience,William Blake,1789
384,Death of Virgil,Hermann Broch,1945
385,The Old Wives' Tale,Arnold Bennett,1908
386,All the Pretty Horses,Cormac McCarthy,1992
387,Arrowsmith,Sinclair Lewis,1925
388,War of the Worlds,H. G. Wells,1898
389,Collected Poems,Arthur Rimbaud,1954
390,Le Cid,Pierre Corneille,1637
391,The Wonderful Wizard of Oz,L. Frank Baum ,1900
392,The Death of the Heart ,Elizabeth Bowen,1938
393,The Adventures of Oliver Twist,Charles Dickens,1837
394,"Carry On, Jeeves",P.G. Wodehouse,1925
395,In Our Time,Ernest Hemingway,1925
396,The Thorn Birds,Colleen McCullough,1977
397,The Poisonwood Bible,Barbara Kingsolver,1998
398,Gilead,Marilynne Robinson,2004
399,Bouvard et Pécuchet,GUSTAVE FLAUBERT,1881
400,The War of the End of the World,Mario Vargas Llosa,1981
401,Hippolytus,Euripides,-428
402,The Makioka Sisters,Tanizaki Jun’ichirō,1948
403,Infinite Jest ,David Foster Wallace,1996
404,Go Tell it on the Mountain ,James Baldwin,1953
405,Sophie's Choice,William Styron,1979
406,Cyrano de Bergerac,Edmond Rostand,1897
407,The Bean Trees,Barbara Kingsolver,1988
408,The Hunchback of Notre-Dame,Victor Hugo,1831
409,The Odes,Horace,-23
410,Snow Falling on Cedars,David Guterson,1994
411,My Name Is Aram,William Saroyan,1940
412,Diary of a Madman and Other Stories,Xun Lu,1918
413,Complete Poems,Elizabeth Bishop,1979
414,A Good Man Is Hard to Find,Flannery O'Connor,1955
415,And Then There Were None,Agatha Christie,1939
416,Death Comes for the Archbishop,Willa Cather,1927
417,Song of Solomon,Toni Morrison,1977
418,Portnoy's Complaint ,Philip Roth,1969
419,Uncle Tom's Cabin,Harriet Beecher Stowe,1852
420,Labyrinths,Jorge Luis Borges,1962
421,The Phantom Tollbooth,Norton Juster,
422,His Dark Materials,Philip Pullman,1995
423,The Devil to Pay in the Backlands,Joao Guimaraes Rosa,1956
424,Fables of La Fontaine,Jean de La Fontaine,1694
425,Jesus' Son,Denis Johnson,1999
426,Don Juan: A Poem,Lord Byron,1819
427,The Death of Ivan Ilyich,Leo Tolstoy,1886
428,The English Patient,Michael Ondaatje,1992
429,The Hound of the Baskervilles,Sir Arthur Conan Doyle,1901
430,Alcools,Guillaume Apollinaire,1913
431,Beowulf,Unknown,900
432,Oranges are not the only Fruit,Jeanette Winterson,1985
433,"Jimmy Corrigan, the Smartest Kid on Earth",Chris Ware,2001
434,Hopscotch,Julio Cortázar,1963
435,Oblomov,Ivan Goncharov,1859
436,Breakfast at Tiffany's,Truman Capote,1958
437,Cold Mountain,Charles Frazier,1997
438,Selected Stories of Lu Hsun,Xun Lu,1936
439,The Maias: Episodes from Romantic Life,Eça de Queirós,1888
440,Call It Sleep,Henry Roth,1934
441,The Collected Stories of Eudora Welty,Eudora Welty,1982
442,Six Characters in Search of an Author,Luigi Pirandello,1921
443,Blindness,Jose Saramago,1998
444,Maldoror (Les Chants de Maldoror),Comte de Lautréamont,1869
445,Tropic of Cancer ,Henry Miller,1934
446,Disgrace,J. M. Coetzee,1999
447,The Once and Future King,T. H. White,1958
448,Dream of the Red Chamber,Cao Xueqin,1791
449,Naked Lunch,William Burroughs,1959
450,The Bell Jar,Sylvia Plath,1963
451,A Death in the Family ,James Agee,1957
452,Manon Lescaut,Abbe Prevost,1731
453,The Marriage Of Cadmus And Harmony,Roberto Calasso,1988
454,Varieties of Disturbance: Stories,Lydia Davis,2007
455,The Breakfast of Champions,Kurt Vonnegut,1973
456,Fragments,Heraclitus,-475
457,The Sleepwalkers,Hermann Broch,1931
458,Gypsy Ballads,Federico Garcia Lorca,1928
459,Romeo and Juliet,William Shakespeare,1597
460,Gone Girl,Gillian Flynn,2012
461,The Shell Seekers,Rosamunde Pilcher,1987
462,The Sirens of Titan,Kurt Vonnegut,1959
463,Season of Migration to the North,Al-Tayyib Salih,1966
464,The Sound of the Mountain,Yasunari Kawabata,1970
465,Lyrical Ballads,"William Wordsworth, Samuel Taylor Coleridge",1798
466,Njal's Saga,Iceland,1200
467,Poems,Paul Celan,2001
468,Bostan, Saadi,1257
469,Masnavi,Jalal al-Din Muhammad Rumi,1250
470,Children of Gebelawi,Naguib Mahfouz,1059
471,One Day in the Life of Ivan Denisovich,Aleksandr Solzhenitsyn,1962
472,Studs Lonigan,James T. Farrell,1935
473,Villette,Charlotte Bronte,1853
474,The Things They Carried,Tim O'Brien,1990
475,Daniel Deronda ,George Eliot,1876
476,The Prince of Tides,Pat Conroy,1986
477,A Separate Peace,John Knowles,1959
478,The Shipping News,E. Annie Proulx,1993
479,The Short Stories of F. Scott Fitzgerald,F. Scott Fitzgerald,1940
480,Brick Lane,Monica Ali,2003
481,Man's Fate,Andre Malraux,1934
482,The Name of the Rose,Umberto Eco,1980
483,Sula,Toni Morrison,1973
484,One Hundred and One Poems by Paul Verlaine,Paul Verlaine,1999
485,Omeros,Derek Walcott,1990
486,Krapp's Last Tape,Samuel Beckett,1958
487,Aesop's Fables,Aesop,-560
488,Way of All Flesh,Samuel Butler,1903
489,Cold Sassy Tree,Olive Ann Burns,1984
490,A Bend in the River,V. S. Naipaul,1979
491,The Posthumous Memoirs of Bras Cubas,Machado de Assis,1881
492,The Golden Bowl,Henry James,1904
493,Where the Wild Things Are,Maurice Sendak,1963
494,A Lost Lady,Willa Cather,1923
495,The Blind Assassin,Margaret Atwood,2000
496,Schindler's List,Thomas Keneally,1982
497,The Collected Stories of William Faulkner,William Faulkner,1950
498,The Tartar Steppe,Dino Buzzati,1940
499,The Kite Runner,Khaled Hosseini,2003
500,Selected Poems,Pierre Ronsard,1585
501,Cold Comfort Farm,Stella Gibbons,1932
502,Long Day's Journey Into Night,Eugene O'Neill,1956
503,The Tale of Peter Rabbit,Beatrix Potter,1902
504,The Last of the Mohicans,James Fenimore Cooper,1826
505,Remainder,Tom McCarthy,2005
506,Notes from the Underground,Fyodor Dostoyevsky,1864
507,Money ,Martin Amis,1984
508,Jazz,Toni Morrison,1992
509,The Blue Flower,Penelope Fitzgerald,1997
510,The Giver,Lois Lowry,1993
511,Decline and Fall,Evelyn Waugh,1928
512,Poems of Friedrich Hölderlin,Friedrich Hölderlin,1843
513,Ferdydurke,Witold Gombrowicz,1937
514,"Cry, the Beloved Country",Alan Paton,1948
515,The Passion,Jeanette Winterson,1987
516,Wings of the Dove,Henry James,1902
517,Les Filles du feu,Gerard de Nerval,1854
518,The Sot-Weed Factor ,John Barth,1960
519,Revolutionary Road,Richard Yates,1961
520,Endgame,Samuel Beckett,1957
521,The Code of the Woosters,P. G. Wodehouse,1938
522,A Christmas Carol,Charles Dickens,1843
523,Andersonville,MacKinlay Kantor,1955
524,Howl and Other Poems,Allen Ginsberg,1956
525,Invisible Cities,Italo Calvino,1972
526,Foundation,Isaac Asimov,1951
527,The Transit of Venus,Shirley Hazzard,1980
528,Time and Again,Jack Finney,1970
529,The Horse's Mouth,Joyce Cary,1944
530,The Godfather,Mario Puzo,1969
531,The Collected Stories of Isaac Babel,Isaac Babel,1955
532,Dombey and Son,Charles Dickens,1848
533,Mother Courage and Her Children,Bertolt Brecht,1939
534,The Short Happy Life of Francis Macomber,Ernest Hemingway,1936
535,Utopia,Thomas More,1516
536,The Complete Poetry and Selected Prose of John Donne,John Donne,1631
537,The Prussian Officer,D. H. Lawrence,1914
538,A Rose for Emily,William Faulkner,1930
539,The Beast in the Jungle,Henry James,1903
540,Poems of Eugenio Montale,Eugenio Montale,1975
541,A Thousand Acres,Jane Smiley,1992
542,The Complete Writings of Alfred de Musset,Alfred de Musset,1857
543,The Swimming-Pool Library,Alan Hollinghurst,1988
544,The Secret History,Donna Tartt,1992
545,Satanic Verses,Salman Rushdie,1988
546,Ragtime,E.L. Doctorow,1975
547,Tristan,Gottfried von Strassburg,1210
548,The Little Stranger,Sarah Waters,2009
549,Balzac and the Little Chinese Seamstress,Dai Sijie,2000
550,Little Disturbances,Grace Paley,1959
551,The Radetzky March,Joseph Roth,1932
552,Tell Me a Riddle,Tillie Olsen,1961
553,Poems of Rumi,Jalāl al-Dīn Rūmī (Maulana),1273
554,Watt,Samuel Beckett,1953
555,The Poems of Walt Whitman,Walt Whitman,1892
556,Twice-Told Tales,Nathaniel Hawthorne,1837
557,The Lady with the Dog,Anton Chekhov,1899
558,The Complete Poetry and Essential Prose of John Milton,John Milton,1674
559,New Grub Street: A Novel,George Gissing,1891
560,Cathedral,Raymond Carver,1984
561,Billy Lynn's Long Halftime Walk: A Novel,Ben Fountain,2012
562,The Collected Poems of William Carlos Williams: 1909-1939,William Carlos Williams,1939
563,"The Figaro Trilogy: The Barber of Seville, The Marriage of Figaro, The Guilty Mother",Pierre-Augustin Caron de Beaumarchais,1792
564,Birds of America,Lorrie Moore,1998
565,Les Tragiques,Agrippa d'Aubigné,1616
566,Les Destinées,Alfred de Vigny,1864
567,Betrayed by Rita Hayworth,Manuel Puig,1968
568,Poet in New York,Frederico García Lorca,1929
569,Kristin Lavransdatter,Sigrid Undset,1920
570,Richard III,William Shakespeare,1592
571,Regeneration,Pat Barker,1991
572,Ubu Roi,Alfred Jarry,1896
573,The Collected Works of Paul Valéry,Paul Valéry,1945
574,Three Lives,Gertrude Stein,1909
575,Lunch Poems,Frank O'Hara,1964
576,The Hamlet,William Faulkner,1940
577,The Rainbow,D. H. Lawrence,1915
578,The Fall,Albert Camus,1956
579,Paddy Clarke Ha Ha Ha,Roddy Doyle,1993
580,Tales of the South Pacific,James A. Michener,1947
581,The Complete Poetry of César Vallejo,César Vallejo,1979
582,Conversation in the Cathedral,Mario Vargas Llosa,1969
583,Carmen,Prosper Mérimée,1845
584,Marivaux: Three Plays,Pierre Carlet de Chamblain de Marivaux,1763
585,La légende des siècles,Victor Hugo,1859
586,The Burning Plain and Other Stories,Juan Rulfo,1953
587,Poems of Pablo Neruda,Pablo Neruda,1975
588,The Last Books of Hector Viel Temperley,Hector Viel Temperley ,1982
589,Los lanzallamas,Roberto Arlt,1931
590,Calligrammes,Guillaume Apollinaire,1918
591,The Shipyard,Juan Carlos Onetti,1961
592,The Poems of Jaime Gil de Biedma ,Jaime Gil de Biedma ,1982
593,Celestina,Fernando de Rojas,1499
594,Residence on Earth,Pablo Neruda,1933
595,La Regenta,Clarín,1884
596,Three Trapped Tigers,Guillermo Cabrera Infante,1967
597,Rimas,Gustavo Adolfo Bécquer,1850
598,Fortunata and Jacinta,Benito Pérez Galdós,1887
599,Trilce,César Vallejo,1922
600,Juan De Mairena,Antonio Machado,1936
601,Nero Wolfe,Rex Stout,1934
602,The Hardy Boys,Franklin W. Dixon,1927
603,World of Wonders,Robertson Davies,1975
604,Fifth Business,Robertson Davies,1970
605,The Manticore,Robertson Davies,1972
606,Lad: a Dog,Albert Payson Terhune,1919
607,Tarzan of the Apes,Edgar Rice Burroughs,1912
608,Death on Credit,Louis-Ferdinand Céline,1936
609,The Progress of Love,Alice Munro,1986
610,Kolyma Tales,Varlan Shalanov,1954
611,The Poetry of Derek Walcott 1948-2013,Derek Walcott,2013
612,Complete Stories,Dorothy Parker,1967
613,Freedom: A Novel,Jonathan Franzen,2010
614,The Princess Bride: An Illustrated Edition of S. Morgenstern's Classic Tale of True Love and High Adventure,William Goldman,1973
615,Mrs. Bridge,Evan S. Connell,1959
616,Mr Bridge,Evan S. Connell,1969
617,The Complete Poems,Philip Larkin,1985
618,We Have Always Lived in the Castle,Shirley Jackson,1962
619,Collected Stories,Raymond Chandler,2009
620,"Tinker, Tailor, Soldier, Spy",John Le Carre,1974
621,Aunt Julia and the Scriptwriter,Mario Vargas Llosa,1977
622,Bohemian Lights,Ramón del Valle-Inclán,1924
623,Poems of Góngora,Luis de Góngora,1600
624,Illuminations,Arthur Rimbaud,1886
625,The Garden of the Finzi-Continis,Giorgio Bassani,1962
626,Peter Pan,J. M. Barrie,1902
627,The Time of the Hero,Mario Vargas Llosa,1963
628,"Spain, Take This Chalice from Me",Cesar Vallejo,1937
629,The Shadow Line,Joseph Conrad,1917
630,Last Evenings with Teresa,Juan Marse,1965
631,The First Man,Albert Camus,1994
632,Sanctuary,William Faulkner,1931
633,Mortal y rosa,Francisco Umbral,1975
634,Sonnets,Julián Olivares,1625
635,Demian,Hermann Hesse,1919
636,Poems by Machado,Antonio Machado,1917
637,The Poetry of Luis Cernuda,Luis Cernuda,1963
638,"Three plays: The hostage, Crusts, The humiliation of the father",Paul Claudel,1955
639,Wry-Blue Loves: Les Amours Jaunes,Tristan Corbière,1873
640,Les Contemplations,Victor Hugo,1856
641,La Nuit obscure,Jean de la Croix,
642,The Diary of a Country Priest,Georges Bernanos,1936
643,Forbidden Colours,Yukio Mishima,1951
644,Robert Browning's Poetry,Robert Browning,1889
645,The Yearling,Marjorie Kinnan Rawlings,1938
646,We,Yevgeny Zamyatin,1921
647,Norwegian Wood,Haruki Murakami,1987
648,Anniversaries,Uwe Johnson,1970
649,Nectar in a Sieve,Kamala Markandaya,1954
650,The God of Small Things,Arundhati Roy,1997
651,Small Island,Andrea Levy,2004
652,Sense and Sensibility,Jane Austen,1811
653,Old Filth,Jane Gardam,2004
654,Americanah,Chimamanda Ngozi Adichie,2013
655,Never Mind,Edward St Aubyn,1992
656,Bad News,Edward St Aubyn,1992
657,At Last,Edward St. Aubyn,2012
658,Mother's Milk,Edward St Aubyn,2005
659,Some Hope,Edward St. Aubyn,1994
660,Love Medicine,Louise Erdrich,1984
661,Germinal,Émile Zola,1885
662,Waiting for the Barbarians, J.M. Coetzee ,1980
663,The Selected Works of Cesare Pavese,Cesare Pavese,
664,The Sorrows of Young Werther,Johann Wolfgang von Goethe,1774
665,Excellent Women,Barbara Pym,1952
666,The Jewel In The Crown,Paul Scott,1966
667,The Last Chronicle of Barset,Anthony Trollope,1867
668,Life of Pi,Yann Martel,2001
669,A Legacy,Sybille Bedford,1956
670,The Betrothed,Alessandro Manzoni,1842
671,Waiting,Ha Jin,1999
672,A Hero of Our Time,Mikhail Lermontov,1840
673,The Private Memoirs and Confessions of a Justified Sinner,James Hogg,1824
674,The Buddha of Suburbia,Hanif Kureishi,1990
675,The Memoirs of a Survivor,Doris May Lessing,1974
676,There But For The,Ali Smith,2011
677,The Moon and the Bonfires,Cesare Pavese,1949
678,The Turn of the Screw,Henry James,1898
679,Murder on the Orient Express,Agatha Christie,1934
680,The Last Samurai,Helen DeWitt,2000
681,The Narrow Road to the Deep North,Matsuo Bashō,1689
682,Watchmen ,Alan Moore and Dave Gibbons,1986
683,The Savage Detectives,Roberto Bolaño,1998
684,Silas Marner,George Eliot,1861
685,How Should a Person Be?,Sheila Heti,2010
686,The Neapolitan Novels,Elena Ferrante,2012
687,"Bless Me, Ultima",Rudolfo Anaya,1972
688,The Warden,Anthony Trollope,1855
689,Sophie's World: A Novel About the History of Philosophy,Jostein Gaarder,1991
690,Legends of The Fall,Jim Harrison,1979
691,Gimpel the Fool,Isaac B Singer,1957
692,The Lottery and Other Stories,Shirley Jackson,1949
693,The Importance of Being Earnest,Oscar Wilde,1895
694,Lonesome Dove,Larry McMurtry,1985
695,A Visit From The Goon Squad,Jennifer Egan,2010
696,A Streetcar Named Desire,Tennessee Williams,1947
697,The Bridge of San Luis Rey,Thornton Wilder,1927
698,Collected Works of Edna St. Vincent Millay,Edna St. Vincent Millay,1950
699,Snow Crash ,Neal Stephenson,1992
700,Rashomon and Seventeen Other Stories,Ryunosuke Akutagawa,1915
701,The Times Are Never So Bad: A Novella and Eight Short Stories,Andre Dubus,1983
702,Dark symphony: Negro literature in America,"James A. Emanuel (Comp), Theodore L. Gross (Joint Comp)",
703,"Horseman, Pass By: A Novel",Larry McMurtry,1961
704,The Prince and the Pauper: A Tale for Young People of All Ages,Mark Twain,1881
705,The Complete Poems of Samuel Taylor Coleridge,Samuel Coleridge,1834
706,Eight Men: Short Stories,Richard Wright,1961
707,Collected Stories,William Somerset Maugham,1965
708,A Game of Thrones,George R. R. Martin,1996
709,Thérèse Raquin,Emile Zola,1867
710,The Faerie Queene,Edmund Spenser,1590
711,The Poorhouse Fair: A Novel,John Updike,1959
712,Death of a Lake,Arthur William Upfield,1954
713,The Negro Caravan: Writings by American Negroes,"Sterling Allen Brown, Arthur Paul Davis, Ulysses Lee",1941
714,The Hunger Games,Suzanne Collins,2008
715,The Richard Trilogy,Paul Horgan,1990
716,The Lover,Marguerite Duras,1984
717,Of Time and the River: A Legend of Man's Hunger in His Youth,Thomas Wolfe,1935
718,Open Secrets: Stories,Alice Munro,1994
719,Monsignor Quixote,Graham Greene,1982
720,The Bone is Pointed: An Inspector Bonaparte Mystery #6 ,Arthur W. Upfield,1938
721,My Book House,Olive Beaupré Miller,1921
722,The Crying of Lot 49 ,Thomas Pynchon,1966
723,Body Rags,Galway Kinnell,1968
724,The Sheltering Sky ,Paul Bowles,1949
725,Kane and Abel,Jeffrey Archer,1979
726,The Day of the Locust ,Nathanael West,1939
727,The Clan of the Cave Bear,Jean M. Auel,1980
728,Appointment in Samarra,John O'Hara,1934
729,The Lusiad,Luís Vaz Camões,1572
730,The Mists of Avalon,Marion Zimmer Bradley,1983
731,The French Lieutenant's Woman ,John Fowles,1969
732,"Roll of Thunder, Hear My Cry",Mildred D. Taylor,1976
733,The Pillars Of The Earth,Ken Follet,1989
734,The Prophet,Kahlil Gibran,1923
735,Ellen Foster,Kaye Gibbons,1987
736,Anne of Green Gables,Lucy Maud Montgomery,1908
737,Mortals,Norman Rush,2003
738,Outline,Rachel Cusk,2014
739,War and Remembrance,Herman Wouk,1978
740,"Charlie And The Chocolate Factory,",Roald Dahl,1964
741,Centennial,James A. Michener,1974
742,Corelli's Mandolin,Louis de Bernières ,1993
743,Do Androids Dream of Electric Sheep?,Philip K. Dick,1968
744,Neuromancer ,William Gibson,1984
745,Black Beauty: The Autobiography of a Horse,Anna Sewell,1877
746,White Fang,Jack London,1906
747,The Alienist,Caleb Carr,1994
748,American Genius: A Comedy,Lynne Tillman,2006
749,Talk Before Sleep,Elizabeth Berg,1994
750,Interview with the Vampire,Anne Rice,1976
751,"Captain Hornblower R.N.: Hornblower and the 'Atropos', The Happy Return, A Ship of the Line",C S Forester,1937
752,Rubyfruit Jungle,Rita Mae Brown,1973
753,The Education of Little Tree,Forrest Carter,1976
754,Romance of the Three Kingdoms,Guanzhong Luo,1301
755,Cancer Ward,Aleksandr Solzhenitsyn,1967
756,The Complete Plays of T. S. Eliot,T. S. Eliot,1965
757,I'm Not Stiller,Max Frisch,1957
758,Burmese Days,George Orwell,1934
759,Amelia,Henry Fielding,1751
760,Shahnameh,Ferdowsi,1010
761,Short Friday: And Other Stories,Isaac Bashevis Singer,1991
762,The Complete Works of Nathanael West,Nathanael West,1940
763,The English Teacher,R. K. Narayan,1945
764,Vendor Of Sweeets,"R. K. Narayan, R.K.",1967
765,The Eustace Diamonds,Anthony Trollope,1871
766,The Iceman Cometh,Eugene O'Neill,1939
767,The Fortunes Of Richard Mahony,Henry Handel Richardson,1929
768,Kokoro,Sōseki Natsume,1914
769,The Blithedale Romance,Nathaniel Hawthorne,1852
770,The Seance and Other Stories,Isaac Bashevis Singer,1991
771,Confessions of a Mask,Yukio Mishima,1949
772,Dreamtigers,Jorge Luis Borges,1960
773,First Circle,Aleksandr Solzhenitsyn,1968
774,Mysteries,Knut Hamsun,1892
775,The Collected Plays of W.B. Yeats,William Butler Yeats,1939
776,The Loneliness of the Long-distance Runner,Alan Sillitoe,1959
777,Alcestis,Euripedes,-438
778,The Go-Between,L.P. Hartley,1953
779,The Plum in the Golden Vase,Anonymous,1610
780,Beauty and Sadness,Yasunari Kawabata,1964
781,East of Eden,John Steinbeck,1952
782,The Flamethrowers: A Novel,Rachel Kushner,2013
783,Bel Canto,Ann Patchett,2001
784,The Secret Agent,Joseph Conrad,1907
785,Babbitt,Sinclair Lewis,1922
786,The Awakening,Kate Chopin,1899
787,The Emigrants,Winfried Georg Sebald,1992
788,The Magus,John Fowles,1966
789,Dinner at the Homesick Restaurant,Anne Tyler,1982
790,Ironweed,William Kennedy ,1983
791,Billy Budd,Herman Melville,1924
792,Another Country,James Baldwin,1962
793,Dept. of Speculation,Jenny Offill,2014
794,The Accidental Tourist,Anne Tyler,1985
795,Giants in the Earth,Ole Edvart Rolvaag,1927
796,Asymmetry,Lisa Halliday,2018
797,Dom Casmurro,Machado de Assis,1899
798,Some Prefer Nettles,Junichiro Tanizaki,1929
799,The Human Stain,Philip Roth,2000
800,The Nibelungenlied,Anonymous,1200
801,Daphnis and Chloe,Longus,200
802,The Fault in Our Stars,John Green,2012
803,She Stoops to Conquer,Oliver Goldsmith,1773
804,"Germany, a Winter Tale",Heinrich Heine,1844
805,The Jungle Book,Rudyard Kipling,1894
806,Stories of Washington Irving,Washington Irving,1859
807,The Stories of Raymond Carver,Raymond Carver,1988
808,Parzival,Wolfram Eschenbach,1200
809,Ivanhoe,Walter Scott,1820
810,Housekeeping,Marilynne Robinson,1980
811,Deliverance ,James Dickey,1970
812,The Plot Against America,Philip Roth,2004
813,"Life, a User's Manual",Georges Perec,1978
814,American Psycho,Bret Easton Ellis,1991
815,Bridget Jones's Diary,Helen Fielding,1996
816,The Sellout,Paul Beatty,2015
817,My Name is Red,Orhan Pamuk,2001
818,A Suitable Boy,Vikram Seth,1994
819,The Monkey Wrench Gang,Edward Abbey,1975
820,Outlander,Diana Gabaldon,1991
821,Four Quartets, T. S. Eliot,1943
822,Under the Net ,Iris Murdoch,1954
823,Mason & Dixon,Thomas Pynchon,1997
824,Miss Susie Slagle's,Augusta Tucker,1939
825,Smoky the Cowhorse,Will James,1927
826,The Moon is Down,John Steinbeck,1942
827,The Song of Hiawatha,Henry Wadsworth Longfellow,1855
828,The Voyages of Doctor Dolittle,Hugh Lofting,1922
829,Pygmalion,Bernard Shaw,1912
830,The Warlord of Mars,Edgar Rice Burroughs,1913
831,Forever: A Novel,Pete Hamill,2003
832,The Famished Road,Ben Okri,1991
833,Miss Pickerell Goes to Mars,Ellen Macgregor,1951
834,The Island Within,Ludwig Lewisohn,1928
835,The Little Grey Men,B B,1942
836,The Cloister and the Hearth,Charles Reade,1861
837,Edmund Dulac's Fairy-Book,Edmund Dulac,1953
838,The Scarlet Plague,Jack London,1915
839,The Little Engine that Could,Platt & Munk,1930
840,Story of Ferdinand,Munro Leaf,1936
841,The Fortress of Solitude,Jonathan Lethem,2003
842,Sister Carrie,Theodore Dreiser,1900
843,The Wapshot Chronicle,John Cheever,1967
844,The Shining,Stephen King,1977
845,Angle of Repose,Wallace Stegner,1971
846,True History of the Kelly Gang,Peter Carey,2000
847,From Here to Eternity ,James Jones,1951
848,The Wanderer,Henri Alain-Fournier,1913
849,A High Wind in Jamaica,Richard Hughes,1929
850,Zazie in the Metro,Raymond Queneau,1959
851,Bonjour Tristesse,Francoise Sagan,1954
852,The White Tiger,Aravind Adiga,2008
853,Perfume,Patrick Suskind,1985
854,A Fine Balance,Rohinton Mistry,1995
855,The Magnificent Ambersons ,Booth Tarkington ,1918
856,The Crucible,Arthur Miller,1953
857,The Goldfinch,Donna Tartt,2013
858,Pigs in Heaven,Barbara Kingsolver,1993
859,Preparation for the Next Life,Atticus Lish,2015
860,A Brief History of Seven Killings,Marlon James,2014
861,The Sympathizer,Viet Thanh Nguyen,2015
862,"And where Were You, Adam?",Heinrich Böll,1951
863,The Kalevala,Elias Lönnrot,1835
864,Journey by Moonlight,Antal Szerb,1937
865,Count Julian,Juan Goytisolo,1970
866,The Half Brother: A Novel,Lars Saabye Christensen,2011
867,The Royal Physician's Visit: A Novel,Per Olov Enquist,1999
868,Smilla's Sense of Snow: A Novel,Peter Høeg,1992
869,Fateless,Imre Kertész,1975
870,Identity: A Novel,Milan Kundera,1998
871,The Three-Arched Bridge,Ismail Kadare,1978
872,The Years with Laura Diaz,Carlos Fuentes,1999
873,The Book of Songs,China,1937
874,Teahouse,by She Lao,1957
875,Another Country,Karel Schoeman,1984
876,Italian Folktales,Italo Calvino,1956
877,"If Not Now, When?",Primo Levi,1982
878,Les Enfants Terribles,Jean Cocteau,1929
879,Life and Fate,Vasily Grossman,1959
880,The Dancing Girl of Izu and Other Stories,Yasunari Kawabata,1929
881,Growth of the Soil,Knut Hamsun,1920
882,August 1914,Aleksandr Isaevich Solzhenit︠s︡yn,1971
883,My City: A Hong Kong Story,Xi Xi,
884,The Gift,Vladimir Nabokov,1938
885,Somersault,Kenzaburō Ōe,1999
886,The Reader,Bernhard Schlink,1995
887,"Memed, My Hawk",Yashar Kemal,1955
888,The Day of the Triffids,John Wyndham,1951
889,Happy Moscow,Andrey Platonov,
890,A Tomb for Boris Davidovich,Danilo Kiš,1976
891,Thousand Cranes,Yasunari Kawabata,1952
892,The Return and Other Stories,Andrey Platonov,
893,La Saga/ Fuga de J. B./ The Saga/ Escape of J.B.,Gonzalo Torrente Ballester,1972
894,The Poems of Percy Bysshe Shelley ,Percy Bysshe Shelley,1822
895,The Dog Star,Agneta Pleijel,
896,The Collected Songs of Cold Mountain,Han Shan,1985
897,The Garlic Ballads: A Novel,Yan Mo,
898,Édes Anna,Dezső Kosztolányi,1991
899,Antiworlds,Andrey Voznesensky,
900,"The Tootinameh; Or, Tales of a Parrot","India, Iran",1560
901,Embers,Sandor Marai,1942
902,Jealousy: A Novel,Alain Robbe-Grillet,1957
903,First Love,Ivan Turgenev,1860
904,The Sorrow Of War,Bao Ninh,1990
905,Le Roman de la Rose,Guillaume (de Lorris),1230
906,The Stone Raft,José Saramago,1986
907,The Skeleton,Amrita Pritam,1950
908,The Black Book,Orhan Pamuk,1990
909,The Rings of Saturn,W. G. Sebald,1998
910,Soul Mountain,Xingjian Gao,1990
911,Soul and Other Stories,Andrey Platonov,
912,The Burn: A Novel in Three Books : (late Sixties--early Seventies),Vassily Aksyonov,1975
913,Suite Française,Irène Némirovsky,2004
914,Like Water For Chocolate,Laura Esquivel,1989
915,Zuleika Dobson,Max Beerbohm,1911
916,The Feast of the Goat: A Novel,Mario Vargas Llosa,2000
917,Interpreter of Maladies,Jhumpa Lahiri,2000
918,"Are You There God? It's Me, Margaret",Judy Blume,1970
919,"Twelfth Night: Or, What You Will",William Shakespeare,1602
920,Point Counter Point,Aldous Huxley,1928
921,The Hour of the Star,Clarice Lispector,1977
922,Sir Gawain and the Green Knight,Simon Armitage,2007
923,The House of the Seven Gables,Nathaniel Hawthorne,1851
924,In the Time of the Butterflies,Julia Alvarez,1994
925,At Swim Two-Birds,Flann O'Brien,1939
926,The Razor's Edge,W. Somerset Maugham,1944
927,A Fable,William Faulkner,1954
928,Much Ado about Nothing,William Shakespeare,1599
929,Poems of Alfred Lord Tennyson,Alfred Lord Tennyson,1892
930,Henry V,William Shakespeare,1599
931,Last Orders,Graham Swift,1996
932,Casino Royale,Ian Fleming,1953
933,Pastoralia,George Saunders,2000
934,The Talented Mr. Ripley,Patricia Highsmith,1950
935,Underworld,Don DeLillo,1997
936,The Horse Whisperer,Nicholas Evans,1995
937,The Da Vinci Code,Dan Brown,2006
938,Mating,Norman Rush,1990
939,Earthly Powers,Anthony Burgess,1980
940,Anecdotes of Destiny,Isak Dinesen,1958
941,Leaving the Atocha Station,Ben Lerner,2011
942,The Amber Spyglass,Philip Pullman,2000
943,A Thousand Splendid Suns,Khaled Hosseini,2007
944,High Fidelity,Nick Hornby,1995
945,Home,Marilynne Robinson ,2008
946,Fingersmith,Sarah Waters,2002
947,Franny and Zooey,J. D. Salinger,1961
948,What Is the What,Dave Eggers,2006
949,The Man in the High Castle,Philip K. Dick,1962
950,Half of a Yellow Sun,Chimamanda Ngozi Adichie,2007
951,Tales from the Kathasaritsagara,Somadeva,1070
952,Cider with Rosie,Laurie Lee,1959
953,Winter's Bone,Daniel Woodrell,1999
954,Magic for Beginners,Kelly Link,2005
955,Manhattan Transfer,John Dos Passos,1925
956,The Notebooks of Malte Laurids Brigge,Rainer Maria Rilke,1910
957,The Postman Always Rings Twice,James M. Cain,1934
958,The Intuitionist: A Novel,Colson Whitehead,1999
959,The Possessed,Elif Batuman,2010
960,Ooga-Booga,Frederick Seidel,2006
961,Platform,Michel Houellebecq,2002
962,The Particular Sadness of Lemon Cake,Aimee Bender,2010
963,Black and Blur,Fred Moten,2017
964,White Girls,Hilton Als,2013
965,Do Everything in the Dark,Gary Indiana,2003
966,Zone One,Colson Whitehead,2011
967,All My Puny Sorrows,Miriam Toews,2014
968,Mr. Fox,Helen Oyeyemi,2011
969,Erasure,Percival Everett,2001
970,Lives Other Than My Own,Emmanuel Carrère,2011
971,Veronica,Mary Gaitskill,2005
972,Citizen: An American Lyric,Claudia Rankine,2014
973,The Poetry of Ezra Pound,Ezra Pound,1972
974,The Power of One,Bryce Courtenay,1989
975,Follow the River,James Alexander Thom,1981
976,London Fields,Martin Amis,1989
977,Capital,John Lanchester,2012
978,The Broken Earth Trilogy,N. K. Jemisin,2015
979,The Time of Our Singing,Richard Powers,2002
980,Red Clocks,Leni Zumas,2018
981,The Book of Salt,Monique Truong,2003
982,The Needle's Eye,Fanny Howe,2016
983,Notes from No Man's Land: American Essays,Eula Biss,2009
984,Super Sad True Love Story,Gary Shteyngart,2010
985,Seven Years,Peter Stamm,2011
986,What Belongs to You,Garth Greenwell,2016
987,A Constellation of Vital Phenomena: A Novel,Anthony Marra,2013
988,Oblivion: Stories,David Foster Wallace,2004
989,Boyhood: Scenes from provincial life,J M Coetzee,1997
990,The Hate U Give,Angie Thomas,2017
991,1Q84,Haruki Murakami,2009
992,All Grown Up,Jami Attenberg,2017
993,Spreadeagle,Kevin Killian,2010
994,Wizard of the Crow,Ngugi wa Thiong'o,2006
995,The Sluts,Dennis Cooper,2005
996,Home Land,Sam Lipsyte,2004
997,Fine Just the Way It Is,Annie Proulx,2008
998,How to be both,Ali Smith,2014
999,Sleeping It Off in Rapid City,August Kleinzahler,2008
1000,The Beauty Of The Husband,Anne Carson,2001
1001,The Largesse of the Sea Maiden: Stories,Denis Johnson,2018
1002,Honored Guest,Joy Williams,2004
1003,Taipei,Tao Lin,2013
1004,Family Life,Akhil Sharma,2014
1005,Ghachar Ghochar,Vivek Shanbhag,2017
1006,The MaddAddam Trilogy,Margaret Atwood,2003
1007,The Last Report on the Miracles at Little No Horse: A Novel,Louise Erdrich,2001
1008,The Lazarus Project,Aleksandar Hemon,2008
1009,Eat the Document,Dana Spiotta,2006
1010,Salvage the Bones: A Novel,Jesmyn Ward,2011
1011,Tobacco Road,Erskine Caldwell ,1932
1012,The Great Fire,Shirley Hazzard,2003
1013,The Beautiful and Damned ,F. Scott Fitzgerald,1922
1014,The Ginger Man,J. P. Donleavy,1955
1015,They Burn the Thistles,Yaşar Kemal,1969
1016,Siebenkäs,Jean Paul,1796
1017,The Emigrants,Vilhelm Moberg,1949
1018,The Unknown Soldier,Väinö Linna,1954
1019,Stories of Adalbert Stifter,Adalbert Stifter,1868
1020,The Talisman,Sir Walter Scott,1825
1021,The Help,Kathryn Stockett,2009
1022,The Alberta Trilogy,Cora Sandel,1926
1023,The Czar's Madman,Jaan Kross,1978
1024,The Loyal Subject,Heinrich Mann,1918
1025,Fifty Shades of Grey: ,E L James,2011
1026,Hyperion,Friedrich Holderlin,1797
1027,Dog,Kerstin Ekman,
1028,Samuels bok,Sven Delblanc,1981
1029,Hemsöborna,August Strindberg,1887
1030,The Stechlin,Theodor Fontane,1899
1031,The Book-Dealer Who Ceased Bathing,Fritiof Nilsson Piraten,1937
1032,Collected Poems,Allen Ginsberg,1984
1033,House with the Blind Glass Windows,Herbjørg Wassmo,
1034,Elective Affinities,Johann Wolfgang von Goethe,1809
1035,Lenz,Georg Buchner,1839
1036,The Man Without a Way,Erik Lindegren,
1037,Going After Cacciato,Tim O'Brien,1979
1038,The Werewolf,Aksel Sandemose,
1039,Kallocain,Karin Boye,1940
1040,Doctor Glas,Hjalmar Soderberg,1905
1041,Querelle,Jean Genet,1947
1042,The Emperor of Portugallia,Selma Lagerlof,1914
1043,Bathsheba,Torgny Lindgren,
1044,The Long Ships,Frans G. Bengtsson,1941
1045,Flowering Nettle,Harry Martinson,1935
1046,After the Flood,P.C. Jersild,1982
1047,The Sea-Wolf,Jack London,1904
1048,The Baron in the Trees,Italo Calvino,1957
1049,The Collected Stories of Heinrich Boll,Heinrich Boll,1948
1050,Aus dem Leben eines Taugenichts,Joseph von Eichendorff,1826
1051,Green Henry,Gottfried Keller,1855
1052,The Days of His Grace,Eyvind Johnson,1960
1053,The Queen's Tiara,Carl Jonas Love Almquist,1834
1054,Simplicius Simplicissimus,Hans Jakob Christoffel von Grimmelshausen,1668
1055,Palace of the Peacock,Wilson Harris,1960
1056,"Mio, My Son",Astrid Lindgren,1954
1057,The Lost Steps,Alejo Carpentier,
1058,The bells of Bicêtre,Georges Simenon,
1059,"Abu Telfan, Return from the Mountains of the Moon",Wilhelm Karl Raabe,1867
1060,The Serious Game,Hjalmar Söderberg,1912
1061,The Dwarf,Par Lagerkvist,1945
1062,Sudelbücher,Georg Christoph Lichtenberg,
1063,Stories from the Lord Keuner,Dieter Wöhrle,1926
1064,The Old Curiosity Shop,Charles Dickens,1941
1065,The Life and Opinions of the Tomcat Murr,E.T.A. Hoffmann,1819
1066,Simon and the Oaks,Marianne Fredriksson,1985
1067,The Road to Klockrike,Harry Martinson,1948
1068,Track,Ernst Bloch,
1069,The Wind on the Moon,Eric Linklater,1944
1070,The Seventh Cross,Anna Seghers,1942
1071,Stories,Heinrich von Kleist,1777
1072,Second-class Citizen,Buchi Emecheta,1974
1073,The Christmas Oratorio,Göran Tunström,
1074,Schatzkästlein des Rheinischen Hausfreundes,Johann Peter Hebel,1811
1075,Barefoot,Zaharia Stancu,
1076,Candida: a Pleasant Play,George Bernard Shaw,1894
1077,Barabbas,Par Lagerkvist,1950
1078,Rhythms,Harry Martinson,
1079,River of Fire,Qurratulain Hyder,1959
1080,The Red Room,August Strindberg,1879
1081,Collected Poems,Nils Ferlin,
1082,Kaputt,Curzio Malaparte,
1083,Anil's Ghost,Michael Ondaatje,2000
1084,The Real Life of Sebastian Knight,Vladimir Nabokov,1941
1085,Independence Day,Richard Ford,1995
1086,Stockholm series,Per Anders Fogelström,1960
1087,The Women's Room,Marilyn French,1977
1088,Snow Flower and the Secret Fan,Lisa See,2005
1089,Persepolis Two,Marjane Satrapi,2001
1090,The Black Prince,Iris Murdoch,1973
1091,Out Stealing Horses,Per Petterson,2003
1092,Annie John,Jamaica Kincaid,1985
1093,Cat's Cradle,Kurt Vonnegut,1963
1094,Chronicle of a Death Foretold,Gabriel Garcia Marquez,1981
1095,The Namesake,Jhumpa Lahiri,2003
1096,The Fixer,Bernard Malamud,1966
1097,Obasan,Joy Kogawa,1981
1098,Birdsong,Sebastian Faulks,1993
1099,Trainspotting,Irvine Welsh,1993
1100,Girl in Hyacinth Blue,Susan Vreeland,1999
1101,The Van,Roddy Doyle,1991
1102,The Curious Incident of the Dog in the Night-time,Mark Haddon,2003
1103,Living Up The Street,Gary Soto,1985
1104,The Wasp Factory: A Novel,Iain Banks,1984
1105,Bridge to Terabithia,Katherine Paterson,1977
1106,Miss Lonelyhearts ,Nathanael West,1933
1107,Sold,Patricia McCormick,2006
1108,Collected Poems of Ted Hughes,Ted Hughes,2003
1109,The New York Trilogy,Paul Auster,1987
1110,Daisy Miller,Henry James,1878
1111,The Return of the Native,Thomas Hardy,1878
1112,Little House on the Prairie,Laura Ingalls Wilder,
1113,Master and Commander,Patrick O'Brian,1969
1114,Life After Life,Kate Atkinson,2013
1115,JR,William Gaddis,1975
1116,Gaudy Night,Dorothy L. Sayers,1935
1117,Before We Were Free,Julia Alvarez,2002
1118,The Bonesetter's Daughter,Amy Tan,2001
1119,Dawn,Elie Wiesel,1961
1120,Dreaming in Cuban,Cristina García,1992
1121,"Hateship, Friendship, Courtship, Loveship, Marriage",Alice Munro,2006
1122,The Phantom of the Opera,Gaston Leroux,1909
1123,Purple Hibiscus,Chimamanda Ngozi Adichie,2003
1124,"Ties That Bind, Ties That Break",Lensey Namioka,1999
1125,A Book of Luminous Things,Czesław Miłosz,1996
1126,The No. 1 Ladies' Detective Agency,Alexander McCall Smith,1998
1127,Retold African American Folktales,David Haynes,
1128,Born Confused,Tanuja Desai Hidier,2002
1129,Chanda's Secrets,Allan Stratton,2004
1130,Wise Children,Angela Carter,1991
1131,City of the Beasts,Isabel Allende,2002
1132,Crow Lake,Mary Lawson,2002
1133,The Secret Diary of Adrian Mole Aged 13 3/4,Sue Townsend,1982
1134,The Boy in the Striped Pyjamas,John Boyne,2006
1135,Through the Language Glass: Why the World Looks Different in Other Languages,Guy Deutscher,
1136,Where the Sidewalk Ends,Shel Silverstein,
1137,Red Dragon,Thomas Harris,1981
1138,The Tiger Who Came to Tea ,Judith Kerr,1968
1139,The Worst Witch,Jill Murphy,1974
1140,Ecotopia,Ernest Callenbach,1975
1141,Bread Givers: A Novel : a Struggle Between a Father of the Old World and a Daughter of the New,Anzia Yezierska,
1142,Goodnight Moon,Margaret Wise Brown,
1143,I Capture the Castle,Dodie Smith,1934
1144,Selected Poems II: 1976 - 1986,Margaret Atwood,1986
1145,American Gods,Neil Gaiman,2001
1146,Diary of a Wimpy Kid,Jeff Kinney,
1147,"Breath, Eyes, Memory",Edwidge Danticat,
1148,The Ballad of Peckham Rye,Muriel Spark,1960
1149,"Selected Poems, 1965-1975",Margaret Atwood,1975
1150,The African Child,Camara Laye,1953
1151,Killshot,Elmore Leonard,1989
1152,The Girl with the Dragon Tattoo,Stieg Larsson,2005
1153,Hotel du Lac,Anita Brookner,1984
1154,Histoire de Babar,Jean de Brunhoff,1931
1155,Darkness Spoken: The Collected Poems,Ingeborg Bachmann,1994
1156,A Dog's Purpose,W. Bruce Cameron,2010
1157,The Enchanted Wood,Enid Blyton,1939
1158,Goodnight Mister Tom,Michelle Magorian,1981
1159,The Commitments,Roddy Doyle,1987
1160,Knots and Crosses: An Inspector Rebus Novel,Ian Rankin,1987
1161,Artemis Fowl,Eoin Colfer,2001
1162,The Early Stories,John Updike,2004
1163,Stormbreaker,Anthony Horowitz,2000
1164,Swallows and Amazons,Arthur Ransome,1930
1165,A Series of Unfortunate Events #1: The Bad Beginning,Lemony Snicket,
1166,"He, She and It",Marge Piercy,1991
1167,Valley of the Dolls,Jacqueline Susann,
1168,Dissolution: A Shardlake Novel,C. J. Sansom,2003
1169,"Percy Jackson and the Olympians, Book One: Lightning Thief, The",Rick Riordan,
1170,A Canticle for Leibowitz,Walter M. Miller,1961
1171,The Golden Compass,Philip Pullman,
1172,Odes,John Keats,1927
1173,The Farming of Bones,Edwidge Danticat,1998
1174,The Story of Tracy Beaker,Jacqueline Wilson,1991
1175,The Gruffalo,Julia Donaldson,1999
1176,The Very Hungry Caterpillar,Eric Carle,
1177,The Physician,Noah Gordon,1986
1178,Flatland: A Romance of Many Dimensions,Edwin A. Abbott,1884
1179,Story of the Eye,Georges Bataille,1928
1180,The House at Pooh Corner,A.A Milne,
1181,The Railway Children,Edith Nesbit,1906
1182,Noughts and Crosses,Malorie Blackman,2001
1183,The Plantagenet Saga,Jean Plaidy,1976
1184,The Colour of Magic,Terry Pratchett,1983
1185,World's End,T. C. Boyle,1987
1186,Jonathan Livingston Seagull,Richard Bach,1970
1187,Cutting for Stone,Abraham Verghese,
1188,The Murders in the Rue Morgue,Edgar Allan Poe,1841
1189,We're Going on a Bear Hunt,Michael Rosen,1989
1190,The Beautyful Ones are Not Yet Born,Ayi K. Armah,1968
1191,The Chronicles of Barsetshire,Anthony Trollope,1855
1192,The Chaneysville Incident,David Bradley,1981
1193,Ben-Hur,Lew Wallace,1880
1194,The Manuscript Found in Saragossa,Jan Potocki,1805
1195,Ender's Game,Orson Scott Card,1980
1196,The Secret Garden,Frances Hodgson Burnett,1911
1197,The Diary of a Nobody,George Grossmith and Weedon Grossmith,1892
1198,The Thirty-Nine Steps,John Buchan ,1915
1199,Busman’s Honeymoon,Dorothy L Sayers,1937
1200,Twilight of the Superheroes,Deborah Eisenberg,2006
1201,The Golden Ass (Metamorphoses): Or Metamorphoses,Apuleius,180
1202,Divine Secrets of the Ya-Ya Sisterhood,Rebecca Wells,1996
1203,Dog Soldiers ,Robert Stone,1974
1204,The Lovely Bones,Alice Sebold,2002
1205,Tales of the City,Armistead Maupin,1978
1206,Twilight,Stephenie Meyer,2005
1207,Jurassic Park,Michael Crichton,1990
1208,Death Of A Salesman,Arthur Miller,1949
1209,Prufrock and Other Observations,T.S. Eliot,1917
1210,Sabbath's Theater,Philip Roth,1995
1211,Memoirs of a Geisha,Arthur Golden,1997
1212,A Patchwork Planet,Anne Tyler,1998
1213,Shogun,James Clavell,1975
1214,My Brilliant Friend,Elena Ferrante,2011
1215,The Storyteller,Mario Vargas Llosa,1987
1216,Misery,Stephen King,1987
1217,Fried Green Tomatoes,Fannie Flagg,1991
1218,Tisha,Robert Specht,1976
1219,Baudolino,Umberto Eco,2000
1220,Christy,Catherine Marshall,1967
1221,Stranger Things Happen,Kelly Link,2001
1222,Lost Horizon,James Hilton,1933
1223,Oscar and Lucinda,Peter Carey,1988
1224,The Merry Adventures of Robin Hood,Howard Pyle,1883
1225,At Play in the Fields of the Lord,Peter Matthiessen,1965
1226,Boy's Life,Robert R. McCammon,1991
1227,Eugene Onegin,Alexander Pushkin,1825
1228,Chesapeake,James A. Michener,1978
1229,How Green Was My Valley,Richard Llewellyn,1939
1230,"I, Robot",Isaac Asimov,1950
1231,Northern Lights,Philip Pullman,1995
1232,The Poems of Sappho,Sappho,-570
1233,The Martian,Andy Weir,2011
1234,The Wheel of Time Series,Robert Jordan,1984
1235,Ready Player One,Ernest Cline,2011
1236,The Shack,William P Young,2007
1237,The Notebook,Nicholas Sparks,1996
1238,The Poems of Wilfred Owen,Wilfred Owen,1920
1239,Ghost,Jason Reynolds,2016
1240,"I, Alex Cross",James Patterson,2009
1241,The Counterlife,Philip Roth,1986
1242,Gogol's Wife,Tommaso Landolfi,1963
1243,Operation Shylock,Philip Roth,1993
1244,Selected Stories,D. H. Lawrence,1930
1245,Doña Bárbara,Rómulo Gallegos,1929
1246,The Mind Invaders,Dave Hunt,1989
1247,Hatchet,Gary Paulsen,1987
1248,Left Behind,"Tim LaHaye, Jerry B. Jenkins",1995
1249,The Hunt for Red October,Tom Clancy,1984
1250,Flowers in the Attic,V.C. Andrews,1979
1251,Where the Red Fern Grows,Wilson Rawls,1961
1252,Selected Poems of Lord Byron,Lord Byron,1824
1253,Swan Song,Robert McCammon,1987
1254,This Present Darkness,Frank Peretti,1986
1255,The Outsiders,S. E. Hinton,1967
1256,Looking for Alaska,John Green,2005
1257,The Coldest Winter Ever,Sister Souljah,1999
1258,Watchers,Dean R. Koontz,1987
1259,Europe Central,William T. Vollmann,2005
1260,The Moonstone,Wilkie Collins,1868
1261,Wise Blood,Flannery O'Connor,1952
1262,The Stone Diaries,Carol Shields,1993
1263,The Theogony,Hesiod,-700
1264,The Power and the Glory,Graham Greene,1940
1265,"Goodbye, Columbus",Philip Roth,1959
1266,The Confessions of Nat Turner,William Styron,1967
1267,House Made of Dawn,N. Scott Momaday,1968
1268,Augustus,John Williams,1973
1269,The Left Hand Of Darkness,Ursula K. Le Guin,1969
1270,A Wizard of Earthsea,Ursula K. Le Guin,1968
1271,Pricksongs and Descants,Robert Coover,1969
1272,Julius Caesar,William Shakespeare,1599
1273,As You Like it,William Shakespeare,1623
1274,Kidnapped,Robert Louis Stevenson,1886
1275,The Bloody Chamber And Other Stories,Angela Carter,1979
1276,Party Going,Henry Green,1939
1277,The Moon is a Harsh Mistress,Robert A. Heinlein,1966
1278,Life & Times of Michael K,J. M. Coetzee,1983
1279,O Pioneers!,Willa Cather,1913
1280,The Executioner's Song,Norman Mailer,1980
1281,The Bostonians,Henry James,1886
1282,This Side of Paradise,F. Scott Fitzgerald,1920
1283,Where Angels Fear to Tread,E. M. Forster,1905
1284,American Innovations,Rivka Galchen,2014
1285,Eye Of The Needle,Ken Follett,1978
1286,A Reckless Character and Other Stories,Ivan Turgenev,1883
1287,Die neuen Leiden des jungen W.,Ulrich Plenzdorf,1972
1288,Nicholas Nickleby,Charles Dickens,1838
1289,The Orlando Furioso,Lodovico Ariosto,1516
1290,Venus in Furs,Leopold Von Sacher-Masoch,1870
1291,Professor Unrat,Heinrich Mann,1905
1292,Effi Briest,Theodor Fontane,1896
1293,The Good Person of Szechwan,Bertolt Brecht,1943
1294,The Collected Stories of Katherine Anne Porter,Katherine Anne Porter,1965
1295,Shadows on the Hudson: A Novel,Isaac Bashevis Singer,1957
1296,Castle Gripsholm,Kurt Tucholsky,1931
1297,Auto Da Fé,Elias Canetti,1935
1298,Betty Blue: The Story of a Passion,Philippe Djian,1985
1299,The Last Days of Mankind,Karl Kraus,1922
1300,Her Body and Other Parties: Stories,Carmen Maria Machado,2017
1301,Benito Cereno,Herman Melville,1855
1302,The German Lesson,Siegfried Lenz,1968
1303,A Severed Head,Iris Murdoch,1961
1304,Cat's Eye,Margaret Atwood,1988
1305,Poems of Matsuo Bashō,Matsuo Bashō,1694
1306,The Statement,Brian Moore,1995
1307,The Remorseful Day,Colin Dexter,1999
1308,Volpone,Ben Jonson,1606
1309,Spoon River Anthology,Edgar Lee Masters,1915
1310,Nights At The Circus,Angela Carter,1984
1311,The Real Life of Alejandro Mayta,Mario Vargas Llosa,1986
1312,Nathan the Wise,Gotthold Ephraim Lessing,1779
1313,Stories,T.C. Boyle,
1314,The Hunting Gun,Yasushi Inoue,1949
1315,The Inheritance of Loss,Kiran Desai,2006
1316,The Vegetarian: A Novel,Han Kang,2007
1317,Mislaid,Nell Zink,2015
1318,The Stories of Vladimir Nabokov,Vladimir Nabokov,1977
1319,"Farewell, My Lovely: A Novel",Raymond Chandler,1940
1320,A Tale of Love and Darkness,Amos Oz,2002
1321,The Discovery of Heaven,Harry Mulisch,1992
1322,The Royal Game,Stefan Zweig,1942
1323,Thyestes,Seneca,62
1324,"Don Carlos: Infante of Spain, a Drama in Five Acts",Friedrich Schiller,1787
1325,The Physicists,Friedrich Dürrenmatt,1962
1326,Success: Three Years in the Life of a Province,Lion Feuchtwanger,1930
1327,The Wine of Astonishment,Earl Lovelace,1982
1328,An Essay on Man,Alexander Pope,1734
1329,The Green Knight,Iris Murdoch,1993
1330,The Winter's Tale,William Shakespeare,1623
1331,The Rape of the Lock,Alexander Pope,1712
1332,Miss Julie,August Strindberg,1888
1333,The March,E. L. Doctorow,2005
1334,"South of the Border, West of the Sun: A Novel",Haruki Murakami,1992
1335,The Poetry of Alexander Pushkin,Alexander Pushkin,1837
1336,Lazarillo de Tormes,Unknown,1554
1337,Life Is a Dream,Pedro Calderón de la Barca,1635
1338,Woman at Point Zero,Nawal El Saadawi,1973
1339,The Shadow of the Wind,Carlos Ruiz Zafon,2001
1340,The Day of the Jackal,Frederick Forsyth,1971
1341,New Atlantis,Francis Bacon,1627
1342,Petals of blood,Ng̃ug̃i wa Thiongʼo,1977
1343,The Clown,Heinrich Böll,1963
1344,The Bridge,Hart Crane,1930
1345,Michael Kohlhaas,Heinrich Von Kleist,1810
1346,Alberta empfängt einen Liebhaber,Birgit Vanderbeke,1997
1347,Orpheus and Eurydice,Unknown,8
1348,Sonnets from the Portuguese,Elizabeth Barrett Browning,1850
1349,The Father,August Strindberg,1887
1350,John Wesley's Sermons: An Anthology,Albert C. Outler,1791
1351,Blindness,Henry Green,1926
1352,Homesick for Another World,Ottessa Moshfegh,2017
1353,Der Fall Mauritius,Jakob Wassermann,1928
1354,Wilhelm Meister's Apprenticeship,Johann Wolfgang von Goethe,1796
1355,Stories of Nikolai Gogol,Nikolai Gogol,1852
1356,God's Bits of Wood,Ousmane Sembène,1960
1357,Women in Their Beds,Gina Berriault,1997
1358,Of Love and Shadows,Isabel Allende,1984
1359,The Collected Poems of A. E. Housman,A. E. Housman,1939
1360,The Hours,Michael Cunningham,1998
1361,Living,Henry Green,1929
1362,Water Music,T.C. Boyle,1982
1363,Everyman,Anonymous,1510
1364,The Short Stories Of Thomas Hardy ,Thomas Hardy,1928
1365,Billy Bathgate,E. L. Doctorow,1989
1366,Works and Days,Hesiod,-700
1367,Early Novels and Stories,James Baldwin,1987
1368,Two Essays on Analytical Psychology,Carl Gustav Jung,1953
1369,In the Heart of the Heart of the Country & Other Stories,William H. Gass,
1370,Splendors and Miseries of Courtesans,Honore De Balzac,1847
1371,The Works of Walter Savage Landor,Walter Savage Landor,1864
1372,The Twelve Labours of Hercules,Unknown,-600
1373,The Underground Railroad,Colson Whitehead,2016
1374,The Song of Roland,Unknown,1040
1375,Reynard the Fox,Unknown,1148
1376,The Pioneers,James Fenimore Cooper,1823
1377,The Protocols of the Elders of Zion,Unknown,1905
1378,The Poems of Emily Bronte,Emily Brontë,1850
1379,The Essential Dykes to Watch Out For,Alison Bechdel,2008
1380,The Quest for the Golden Fleece,Unknown,-300
1381,The Collected Poems of Theodore Roethke,Theodore Roethke,1963
1382,The Master of Ballantrae: A Winter's Tale,Robert Louis Stevenson,1889
1383,The Hearts and Lives of Men: A Novel,Fay Weldon,1987
1384,Penguin Island,Anatole France,1908
1385,The Unicorn,Iris Murdoch,1963
1386,Poem of the Cid,Unknown,1195
1387,An Enemy of the People,Henrik Ibsen,1882
1388,The Animals' Conference,Erich Kästner,
1389,I Wish Someone Were Waiting for Me Somewhere,Anna Gavalda,2003
1390,V,Thomas Pynchon,1963
1391,Riddle of the Sands,Erskine Childers,1903
1392,What We Talk About When We Talk About Love,Raymond Carver,1981
1393,Red Harvest ,Dashiell Hammett,1929
1394,Nightmare Abbey ,Thomas Love Peacock,1818
1395,Blood and Guts in High School,Kathy Acker,1984
1396,Wonder Boys,Michael Chabon,1995
1397,The Man Who Was Thursday,G. K. Chesterton,1908
1398,Galileo,Bertolt Brecht,1945
1399,Black Sheep,Georgette Heyer ,1966
1400,The Trickster of Seville and His Guest of Stone,Tirso de Molina,1630
1401,Mensagem,Fernando Pessoa,1934
1402,Woodcutters,Thomas Bernhard,1985
1403,Correction,Thomas Bernhard,1979
1404,Amongst Women,John McGahern,1990
1405,Libra,Don DeLillo,1988
1406,It: A Novel,Stephen King,1986
1407,Goodbye to Berlin,Christopher Isherwood,1939
1408,The Glass Menagerie,Tennessee Williams,1944
1409,Ceremony,Leslie Marmon Silko,1977
1410,The Magic Barrel,Bernard Malamud,1958
1411,Winter's Tale,Mark Helprin,1983
1412,A Wild Sheep Chase,Haruki Murakami,1982
1413,The Book of the New Sun,Gene Wolfe,1983
1414,The Death of Artemio Cruz,Carlos Fuentes,1962
1415,Flicker,Theodore Roszak,1991
1416,Rhinoceros and Other Plays,Eugène Ionesco,1959
1417,The Illustrious House of Ramires,Eça de Queirós,1900
1418,Haroun and the Sea of Stories,Salman Rushdie,1990
1419,Bartleby & Co,Enrique Vila-Matas,2004
1420,Earth Abides,George Rippey Stewart,1949
1421,Harry Potter and the Goblet of Fire ,J.K Rowling,2000
1422,The Bone People,Keri Hulme,1984
1423,The Loser,Thomas Bernhard,1983
1424,The Book of Laughter and Forgetting ,Milan Kundera ,1979
1425,Tree of Smoke,Denis Johnson,2007
1426,The Complete Fairy Tales of Charles Perrault,Charles Perrault,1703
1427,The Subterraneans,Jack Kerouac,1958
1428,The Wonderful Story of Henry Sugar,Roald Dahl,1977
1429,The Castle of Otranto: A Gothic Story,Horace Walpole,1764
1430,She,H. Rider Haggard,1887
1431,Junky,William S. Burroughs,1953
1432,A Spy In The House Of Love,Anais Nin,1954
1433,Edward Lear's Book of Nonsense,Edward Lear,1846
1434,The Magic Toyshop,Angela Carter,1967
1435,Vile Bodies,Evelyn Waugh,1930
1436,Against Nature,J. K. Huysmans,1884
1437,Diamonds Are Forever,Ian Fleming,1956
1438,The Invisible Man,H. G. Wells,1897
1439,The Man with the Golden Arm,Nelson Algren,1949
1440,The Crossing,Cormac McCarthy,1994
1441,Love in a Cold Climate,Nancy Mitford,1949
1442,From Russia with Love,Ian Fleming,1957
1443,Cities of the Plain,Cormac McCarthy,1998
1444,Hangover Square: A Story of Darkest Earl's Court,Patrick Hamilton,1941
1445,Cat on a Hot Tin Roof ,Tennessee Williams,1955
1446,Chimera,John Barth,1972
1447,Resurrection: A Novel,Leo Tolstoy,1899
1448,Where I'm Calling From,Raymond Carver,1988
1449,The Assistant,Bernard Malamud,1957
1450,Harry Potter and the Deathly Hallows,J.K. Rowling,2007
1451,Three Men in a Boat,Jerome K. Jerome,1889
1452,Murphy,Samuel Beckett,1938
1453,House of Leaves,Mark Z. Danielewski,2000
1454,Devil in a Blue Dress,Walter Mosley,1990
1455,Mumbo Jumbo,Ishmael Reed,1972
1456,Harry Potter and the Half-Blood Prince,J.K. Rowling,2005
1457,Petersburg,Andrei Bely,1913
1458,The Ghost Road,Pat Barker,1995
1459,Everything Is Illuminated,Jonathan Safran Foer,2002
1460,The Gambler,Fyodor Dostoyevsky,1867
1461,Froth on the daydream,Boris Vian,1947
1462,Suttree,Cormac McCarthy,1979
1463,Harry Potter And The Prisoner Of Azkaban,J. K. Rowling,1999
1464,Harry Potter and the Order of the Phoenix,J.K. Rowling,2003
1465,Harry Potter And The Chamber Of Secrets,J. K. Rowling,1998
1466,The Spy Who Came in From the Cold ,John le Carre,1963
1467,Netherland,Joseph O'Neill,2009
1468,Bring Up the Bodies: A Novel,Hilary Mantel,2012
1469,An Artist of the Floating World ,Kazuo Ishiguro,1986
1470,Moravagine,Blaise Cendrars,1926
1471,The Dying Earth,Jack Vance,1950
1472,The Notebook: The Proof ; The Third Lie : Three Novels,Agota Kristof,1986
1473,The Narrative of Arthur Gordon Pym,Edgar Allan Poe,1838
1474,Mr. Sammler's Planet,Saul Bellow,1970
1475,Wittgenstein's Mistress,David Markson,1988
1476,The Haunting of Hill House ,Shirley Jackson,1959
1477,The Recognitions ,William Gaddis,1955
1478,The Quiet American ,Graham Greene,1955
1479,The American,Henry James,1877
1480,Men Without Women,Ernest Hemingway,1927
1481,The Siege of Krishnapur,J. G. Farrell,1973
1482,Books of Blood,Clive Barker,1985
1483,The Murder of Roger Ackroyd,Agatha Christie,1926
1484,World's Fair,E. L. Doctorow,1985
1485,Mrs Palfrey at the Claremont,Elizabeth Taylor,1971
1486,I Am Legend,Richard Matheson,1954
1487,Our Lady of the Flowers,Jean Genet,1943
1488,The BFG,Roald Dahl ,1982
1489,The Optimist's Daughter,Eudora Welty,1972
1490,A Lesson Before Dying,Ernest J. Gaines,1993
1491,Morte D'Urban,J. F. Powers,1962
1492,Them,Joyce Carol Oates,1969
1493,Empire Falls,Richard Russo,2001
1494,Let the Great World Spin: A Novel,Colum McCann,2009
1495,The Orphan Master's Son: A Novel,Adam Johnson,2012
1496,Play It As It Lays ,Joan Didion,1970
1497,Breathing Lessons,Anne Tyler,1988
1498,The Sportswriter ,Richard Ford,1986
1499,The Collected Stories of Jean Stafford,Jean Stafford,1970
1500,The Pursuit Of Love,Nancy Mitford,1945
1501,Tales of H. P. Lovecraft,H. P. Lovecraft,1937
1502,A New Life,Bernard Malamud,1961
1503,City of Salt,Abdelrahman Munif,1987
1504,The Bastard of Istanbul,Elif Shafak,2006
1505,Haunted,Chuck Palahniuk,2005
1506,Sometimes a Great Notion,Ken Kesey,1964
1507,The Stories of Ray Bradbury,Ray Bradbury,2010
1508,Amerika,Franz Kafka,1927
1509,Waverley,Sir Walter Scott,1814
1510,Snow Country,Yasunari Kawabata,1935
1511,The Heather Blazing,Colm Toibin,1992
1512,An Accidental Man,Iris Murdoch,1971
1513,Enormous Changes at the Last Minute,Grace Paley,1974
1514,The Electric Michelangelo,Sarah Hall,2004
1515,Cities of the Red Night: A Novel,William S. Burroughs,1981
1516,Riders of the Purple Sage,Zane Grey,1912
1517,My Life and My Life in the Nineties,Lyn Hejinian,1980
1518,The Bottle Factory Outing,Beryl Bainbridge,1974
1519,Ghostwritten,David Mitchell,1999
1520,The Rachel Papers,Martin Amis,1973
1521,The Ballad of the Sad Cafe,Carson McCullers,1951
1522,Sweet Days of Discipline,Fleur Jaeggy,1989
1523,Lanark ,Alasdair Gray,1981
1524,"I, Tituba, Black Witch of Salem",Maryse Condé,1986
1525,Selected Stories of Philip K. Dick,Philip K. Dick,1982
1526,The Periodic Table,Primo Levi,1975
1527,Distant Star,Roberto Bolaño,1996
1528,The Kreutzer Sonata: And Other Stories,Leo Tolstoy,1889
1529,The Elementary Particles,Michel Houellebecq,1998
1530,The Spoils of Poynton,Henry James,1897
1531,L.A. Confidential ,James Ellroy,1990
1532,Stoner,John Williams,1965
1533,Cold Nights,Ba Jin,1947
1534,A Violent Life,Pier Paolo Pasolini,1959
1535,The Woman in the Dunes,Kobo Abe,1964
1536,The Daughter of Time,Josephine Tey,1951
1537,VALIS,Philip K. Dick,1981
1538,No Country for Old Men,Cormac McCarthy,2005
1539,The Black Swan,Thomas Mann,1954
1540,The Sea,John Banville,2005
1541,Holiday,Stanley Middleton,1974
1542,Being Dead,Jim Crace,1999
1543,War Dances,Sherman Alexie,2009
1544,The Reivers,William Faulkner,1963
1545,Lamb in His Bosom,Caroline Miller,1933
1546,Olive Kitteridge,Elizabeth Strout,2008
1547,A Good Scent from a Strange Mountain,Robert Olen Butler,1992
1548,Delicious Foods,James Hannaham,2016
1549,Paco's Story,Larry Heinemann,1986
1550,The Great Man,Kate Christensen,2007
1551,The Love of a Good Woman,Alice Munro,1998
1552,The Travels of Jaimie McPheeters,Robert Lewis Taylor,544
1553,So Big,Edna Ferber,1924
1554,Falconer,John Cheever,1977
1555,The Bear Comes Home,Rafi Zabor,1997
1556,The Late George Apley,John P. Marquand,1937
1557,Charming Billy,Alice McDermott,1997
1558,October Light,John Gardner,1976
1559,The Able McLaughlins,Margaret Wilson,1923
1560,Soldiers in Hiding,Richard Wiley,1987
1561,Something to Answer For,P. H. Newby,1969
1562,"How Late It Was, How Late",James Kelman,1994
1563,The Edge of Sadness, Edwin O'Connor,1961
1564,Vernon God Little,DBC Pierre,2003
1565,The Gathering,Anne Enright,2006
1566,The Town,Conrad Richter,1950
1567,The Elected Member,Bernice Rubens,1969
1568,All the Light We Cannot See,Anthony Doerr,2014
1569,Tinkers,Paul Harding,2009
1570,The Berlin Stories,Christopher Isherwood,1946
1571,Binocular Vision,Edith Pearlman,2011
1572,Plains Song,Wright Morris,1980
1573,A Frolic of His Own,William Gaddis,1994
1574,Philadelphia fire,John Edgar Wideman,1990
1575,The Old Forest,Peter Taylor,1986
1576,The Waters of Kronos,Conrad Richter,1960
1577,Everyman,Philip Roth,2006
1578,Heat and Dust,Ruth Prawer Jhabvala,1975
1579,Kate Vaiden,Reynolds Price,1986
1580,Sent for You Yesterday,John Edgar Wideman,1983
1581,Rites of Passage,William Golding,1980
1582,Ship Fever and Other Stories,Andrea Barrett,1995
1583,The Way West,"A. B. Guthrie, Jr.",1949
1584,His Family,Ernest Poole,1917
1585,The Barracks Thief,Tobias Wolff,1984
1586,The Keepers of the House,Shirley Ann Grau,1964
1587,The Spectator Bird,Wallace Stegner,1976
1588,The Field of Vision,Wright Morris,1956
1589,Steps,Jerzy Kosinski,1968
1590,Moon Tiger,Penelope Lively,1987
1591,The Old Devils,Kingsley Amis,1986
1592,The Buddha in the Attic,Julie Otsuka,2011
1593,Kabbalah,Unknown,1195
1594,A Crown of Feathers and Other Stories,Isaac Bashevis Singer,1973
1595,How German Is It,Walter Abish,1981
1596,Alice Adams,Booth Tarkington,1921
1597,We are All Completely Beside Ourselves,Karen Joy Fowler,2013
1598,The Eighth Day,Thornton Wilder,1967
1599,Guard of Honor,James Gould Cozzens,1948
1600,The Dyskolos,Menander ,-316
1601,Journey in the Dark,Martin Flavin,1943
1602,Ten North Frederick,John O'Hara,1955
1603,A Summons to Memphis,Peter Taylor,1986
1604,Honey in the Horn,Harold L. Davis,1935
1605,The Finkler Question: A Novel,Howard Jacobson,2010
1606,The Mambo Kings Play Songs of Love,Oscar Hijuelos,1989
1607,Ubik,Philip K. Dick,1969
1608,Seaview,Toby Olson,1983
1609,Postcards,E. Annie Proulx,1992
1610,Shadow Country,Peter Matthiessen,2008
1611,Sacred Hunger,Barry Unsworth,1992
1612,The Painted Bird ,Jerzy Kosinski,1965
1613,The Luminaries,Eleanor Catton,2013
1614,Mao II,Don DeLillo,1991
1615,Dusk,James Salter,1989
1616,Staying On,Paul Scott,1977
1617,G.,John Berger,1972
1618,War Trash,Ha Jin,2004
1619,"Sing, Unburied, Sing",Jesmyn Ward,2017
1620,Less,Andrew Sean Greer,2017
1621,Elbow Room,James Alan McPherson,1977
1622,Blood Tie,Mary Lee Settle,1977
1623,In a Free State,V. S. Naipaul,1971
1624,One of Ours,Willa Cather,1922
1625,Everything Begins and Ends at the Kentucky Club,Benjamin Alire Sáenz,2012
1626,Fortune Smiles: Stories,Adam Johnson,2015
1627,Advise and Consent,Allen Drury,1959
1628,Mrs. Ted Bliss,Stanley Elkin,1995
1629,Lincoln in the Bardo,George Saunders,2017
1630,The Middleman and Other Stories,Bharati Mukherjee,1988
1631,Foreign Affairs,Alison Lurie,1984
1632,Spartina,John Casey,1988
1633,Victory Over Japan: A Book of Stories,Ellen Gilchrist,1983
1634,Middle Passage,Charles R. Johnson,1990
1635,The Store,Thomas Sigismund Stribling,1932
1636,George Mills,Stanley Elkin,1982
1637,Early Autumn,Louis Bromfield,1926
1638,Paris Trout,Pete Dexter,1987
1639,The Good Lord Bird: A Novel,James McBride,2013
1640,Laughing Boy,Oliver La Farge,1929
1641,The Caine Mutiny,Herman Wouk,1951
1642,Saville,David Storey,1976
1643,Now in November,Josephine Winslow Johnson,1934
1644,Dragon's Teeth,Upton Sinclair,1942
1645,In This Our Life,Ellen Glasgow,1941
1646,The Conservationist,Nadine Gordimer,1974
1647,The News from Paraguay,Lily Tuck,2004
1648,The Echo Maker,Richard Powers,2006
1649,The Hair of Harold Roux,Thomas Williams,1974
1650,Scarlet Sister Mary,Julia Peterkin,1928
1651,March,Geraldine Brooks,2005
1652,A Bell for Adano,John Hersey,1944
1653,The Year of the French,Thomas Flanagan,1979
1654,Offshore,Penelope Fitzgerald,1979
1655,Redeployment,Phil Klay,2014
1656,Martin Dressler: The Tale of an American Dreamer,Steven Millhauser,1996
1657,Years of Grace,Margaret Ayer Barnes,1930
1658,The Centaur,John Updike,1963
1659,The Caprices,Sabina Murray,2003
1660,The Collected Stories of Deborah Eisenberg: Stories,Deborah Eisenberg,2011
1661,In America,Susan Sontag,1999
1662,Lord of Misrule: The Morganville Vampires,Rachel Caine,2010
1663,Three Junes,Julia Glass,2002
1664,The Round House,Louise Erdrich,2012
1665,Motherless Brooklyn,Jonathan Lethem,1999
1666,The Violent Bear It Away,Flannery O'Connor,1960
1667,Under Western Eyes,Joseph Conrad,1911
1668,Giovanni's Room,James Baldwin,1956
1669,Cranford,Elizabeth Gaskell,1851
1670,The Unconsoled,Kazuo Ishiguro,1995
1671,Far Tortuga,Peter Matthiessen,1875
1672,Roots,Alex Haley,1977
1673,The Iron Heel,Jack London,1908
1674,Sea of Poppies,Amitav Ghosh,2008
1675,Nothing Like the Sun,Anthony Burgess,1964
1676,In the Heart of the Heart of the Country,William H. Gass,1968
1677,Voss,Patrick White,1957
1678,The Thinking Reed,Rebecca West,1936
1679,Sixty Stories,Donald Barthelme,1981
1680,The Glass Bead Game,Hermann Hesse,1943
1681,Beat the Devil,Claud Cockburn,1951
1682,The Indian Lawyer,James Welch,1990
1683,The White Hotel,D. M. Thomas,1981
1684,The Ordeal of Gilbert Pinfold,Evelyn Waugh,1957
1685,Light Years,James Salter,1976
1686,The Almanac of the Dead,Leslie Marmon Silko,1991
1687,Affliction,Russell Banks,1997
1688,Burr,Gore Vidal,1973
1689,The Voyeur,Alain Robbe-Grillet,1953
1690,The Slaves of Solitude,Patrick Hamilton,1947
1691,Novel on Yellow Paper,Stevie Smith,1936
1692,Dealing With Dragons,Patricia C. Wrede,1990
1693,A Feast of Snakes,Harry Crews,1976
1694,Vida,Marge Piercy,1975
1695,Cannery Row,John Steinbeck,1945
1696,Hard-Boiled Wonderland and the End of the World,Haruki Murakami,1985
1697,"Raise High the Roof Beam, Carpenters: And, Seymour, an Introduction",J Salinger,1963
1698,A Place of Greater Safety,Hilary Mantel,1992
1699,Shadow & Claw,Gene Wolfe,
1700,Animal Dreams,Barbara Kingsolver,1990
1701,The Mask of Dimitrios,Eric Ambler,1944
1702,Written on the Body,Jeanette Winterson,1993
1703,July's People,Nadine Gordimer,1981
1704,Palace Walk,Naguib Mahfouz,1956
1705,Palace of Desire,Naguib Mahfouz,1957
1706,Sugar Street,Naguib Mahfouz,1957
1707,Good Omens,Terry Pratchett and Neil Gaiman,1990
1708,Julian,Gore Vidal,1964
1709,The Killer Inside Me,Jim Thompson,1952
1710,An American Dream,Norman Mailer,1965
1711,If He Hollers Let Him Go,Chester Himes,1945
1712,You Shall Know Our Velocity,Dave Eggers,2002
1713,Flaubert's Parrot,Julian Barnes,1984
1714,Matterhorn,Karl Marlantes,2009
1715,Been Down So Long it Looks Like Up to Me,Richard Fariña,1966
1716,The Last Good Kiss,James Crumley,1978
1717,Waiting for the Mahatma,R. K. Narayan,1955
1718,The Radiant Way,Margaret Drabble,1987
1719,"Little, Big",John Crowley,1981
1720,Jayber Crow,Wendell Berry,2000
1721,Ray,Barry Hannah,1980
1722,Tripmaster Monkey,Maxine Hong Kingston,1989
1723,The Golden Gate,Vikram Seth,1986
1724,Gateway,Frederik Pohl,84
1725,Machine Dreams,Jayne Anne Phillips,1984
1726,Two Serious Ladies,Jane Bowles,1946
1727,Drown,Junot Diaz,1996
1728,Mr. American,George MacDonald Fraser,1980
1729,That They May Face the Rising Sun,John McGahern,2001
1730,The Dogs of March,Ernest Hebert,1979
1731,The Deceivers,John Masters,1952
1732,The Blue Sword,Robin McKinley,1982
1733,The King Must Die,Mary Renault,1958
1734,Sleeping Beauty,Ross Macdonald,1973
1735,The House Of Splendid Isolation,Edna O'Brien,1994
1736,A Little Princess,Frances Hodgson Burnett,1905
1737,Lucy,Jamaica Kincaid,1990
1738,Home and the World,Rabindranath Tagore,1916
1739,Greenmantle,John Buchan,1916
1740,Selected Poems,Andrew Marvell,1678
1741, Kaspar and Other Plays,Peter Handke,1967
1742,The Voyage Out,Virginia Woolf,1915
1743,"Foliage: Or, Poems Original and Translated",Leigh Hunt,1859
1744,The Three Hundred Tang Poems,China,1763
1745,Black Tickets,Jayne Anne Phillips,1979
1746,Nog,Rudy Wurlitzer,1969
1747,Einstein's Dreams,Alan Lightman,1992
1748,Apu Ollontay,Peru,1857
1749,Cheri,Colette,1920
1750,Pushcart Prize Anthology,Pushcart Prize,1976
1751,Hagoromo: A Celestial Robe,Japan,1524
1752,Oroonoko,Aphra Behn,1689
1753,Wild at Heart: The Story of Sailor and Lula,Barry Gifford,1990
1754,The Natural,Bernard Malamud,1952
1755,The Oranging of America,Max Apple,1976
1756,The Complete Stories,Zora Neale Hurston,1955
1757,Le Bateau Ivre,Arthur Rimbaud,1871
1758,"The Diary of Anais Nin, 1931-1934",Anaïs Nin,1934
1759,Best Science Fiction Stories of H. G. Wells,H. G. Wells,1946
1760,The Works of George Peele,George Peele,1596
1761,"Will You Please be Quiet, Please?",Raymond Carver,1976
1762,The Pure and the Impure,Colette,1967
1763,Blood Oranges,John Hawkes,1997
1764,Searching for Caleb,Anne Tyler,1975
1765,"The Hunting of the Snark: An Agony, in Eight Fits",Lewis Carroll,1876
1766,Collected Poems 1912-1944,Hilda Doolittle,1944
1767,An Occurrence at Owl Creek Bridge,Ambrose Bierce,1890
1768,The Palm-Wine Drinkard,Amos Tutola,1952
1769,Advertisements for Myself,Norman Mailer,1959
1770,Green Eggs and Ham,Dr. Seuss,1960
1771,"I, etcetera",Susan Sontag,1978
1772,The Collected Works,Kahlil Gibran,1931
1773,Falling in Place,Ann Beattie,1981
1774,If: A Father's Advice to His Son,Rudyard Kipling,1910
1775,A Sorrow Beyond Dreams,Peter Handke,1972
1776,Collected Stories of Peter Taylor,Peter Taylor,1971
1777,Selected Poems of Gabriela Mistral,Gabriela Mistral,1957
1778,Collected Poems of Frank O'Hara,Frank O'Hara,1971
1779,The Collected Short Stories of Maxim Gorky,Maxim Gorky,1936
1780,Christina Rossetti: The Complete Poems,Christina Georgina Rossetti,1894
1781,Man in the Holocene,Max Frisch,1979
1782,Mythologies,Roland Barthes,1957
1783,The Lime Twig,John Hawkes,1961
1784,The Collected Poems of Langston Hughes,Langston Hughes,1967
1785,The Changeling,Joy Williams,1978
1786,The Complete Short Stories of Jack London,Jack London,1916
1787,Native American Folktales,Thomas A. Green,
1788,The Water Margin: Outlaws of the Marsh,Shi Naian,1127
1789,Seven Gothic Tales,Karen Blixen,1934
1790,Last Exit to Brooklyn,Hubert Selby,1964
1791,Foucault's Pendulum,Umberto Eco,1988
1792,"Struwwelpeter, Or, Merry Rhymes and Funny Pictures...",Heinrich Hoffmann,1845
1793,Collected Short Stories of Saki,Saki,1916
1794,The Box Man,Kobo Abé,1947
1795,The Coup,John Updike,1978
1796,Thank You and Other Poems,Kenneth Koch,1962
1797,Tragic Magic,Wesley Brown,1978
1798,In Watermelon Sugar,Richard Brautigan,1968
1799,Sexual Perversity in Chicago,David Mamet,1970
1800,The Third Policeman,Flann O'Brien,1967
1801,Rivers and Mountains,John Ashbery,1966
1802,Cane,Jean Toomer,1923
1803,On Beauty,Zadie Smith,2005
1804,Going Native,Stephen Wright,1994
1805,The Accidental,Ali Smith,2005
1806,Case Histories,Kate Atkinson,2007
1807,The Secret Scripture,Sebastian Barry,2008
1808,Clockers,Richard Price,1992
1809,Snow,Orhan Pamuk,2002
1810,The Country of the Pointed Firs,Sarah Orne Jewett,1896
1811,The Moor's Last Sigh,Salman Rushdie,1995
1812,A Sport and a Pastime,James Salter,1967
1813,Brooklyn,Colm Tóibín,2009
1814,Masterworks of the Classical Haida Mythtellers,Robert Bringhurst,2002
1815,The Public Burning,Robert Coover,1977
1816,Mystic River,Dennis Lehane,2001
1817,The Making of Americans,Gertrude Stein,1925
1818,Nova Express,William S. Burroughs,1964
1819,The Soft Machine,William S. Burroughs,1961
1820,The Ticket That Exploded,William S. Burroughs,1962
1821,Take It Or Leave It,Raymond Federman,1976
1822,Say You’re One of Them,Uwem Akpan,2008
1823,Black Water,Joyce Carol Oates,1992
1824,Rapture,Carol Ann Duffy,2005
1825,Words,Jacques Prévert,1946
1826,The Blue Lotus,Hergé,1936
1827,The Wife of Martin Guerre,Janet Lewis,1941
1828,Asterix the Gaul,Rene Goscinny,1961
1829,The Bald Soprano,Eugène Ionesco,1959
1830,The Rifles,William T. Vollmann,1994
1831,The Abyss,Marguerite Yourcenar,1968
1832,The Horseman on the Roof,Jean Giono,1951
1833,The Collected Stories of Amy Hempel,Amy Hempel,2006
1834,Belle du Seigneur,Albert Cohen,1968
1835,Dhalgren,Samuel R. Delany,1975
1836,The Arrival,Shaun Tan,2006
1837,A Personal Matter,Kenzaburo Oe,1964
1838,The Stain: A Novel,Rikki Ducornet,1984
1839,The Fountains of Neptune,Rikki Ducornet,1992
1840,Thérèse Desqueyroux,François Mauriac,1927
1841,Entering Fire,Rikki Ducornet,1986
1842,The Jade Cabinet,Rikki Ducornet,1993
1843,Mona Lisa Overdrive,William Gibson,1988
1844,How I Live Now,Meg Rosoff,2004
1845,Count Zero,William Gibson,1986
1846,William Trevor: The Collected Stories,William Trevor,2009
1847,Confusion,Stefan Zweig,1927
1848,The Eye in the Door,Pat Barker,1993
1849,Runaway,Alice Munro ,2004
1850,Lookout cartridge,Joseph McElroy,1974
1851,The House on Mango Street,Sandra Cisneros,1984
1852,Silence de la Mer,Vercors,1942
1853,LaBrava,Elmore Leonard,1983
1854,Genoa: a telling of wonders,Paul C. Metcalf,1965
1855,A Mirror for Witches,Esther Forbes,1928
1856,Thursbitch,Alan Garner,2003
1857,Eva Luna,Isabel Allende,1985
1858,Under Satan's Sun,Georges Bernanos,1926
1859,Double Or Nothing,Raymond Federman,1971
1860,Sandman,Neil Gaiman,1991
1861,The Soul of Kindness,Elizabeth Taylor,1964
1862,The Joke,Milan Kundera,1967
1863,A Ghost at Noon,Alberto Moravia,1954
1864,The Ghost,Robert Harris,2007
1865,The Cannibal: Novel,John Hawkes,1949
1866,Less Than Angels,Barbara Pym,1955
1867,Aurélien,Louis Aragon,1944
1868,Waiting to Exhale,Terry McMillan,1995
1869,The Satin Slipper,Paul Claudel,1929
1870,Youth,J. M. Coetzee,2002
1871,Nightwood,Djuna Barnes,1936
1872,Wolf Brother,Michelle Paver,2004
1873,The Resistible Rise of Arturo Ui,Bertolt Brecht,1941
1874,Friday,Michel Tournier,1967
1875,The Night Manager,John le Carré,1993
1876,If Nobody Speaks of Remarkable Things,Jon McGregor,2002
1877,Always Coming Home,Ursula K. Le Guin,1985
1878,Fleshmarket Close,Ian Rankin,2004
1879,The Children of Men,P. D. James,1992
1880,Drop City,T. Coraghessan Boyle,2003
1881,Dart,Alice Oswald,2002
1882,Krik? Krak!,Edwidge Danticat,1995
1883,Tendrils of Vines,Colette,1908
1884,Capital of Pain,Paul Éluard,1926
1885,Martin Eden,Jack London,1909
1886,Life in the Far West,George Frederick Ruxton,1849
1887,Ballad of the Salt Sea,Hugo Pratt,1926
1888,The Ragged Trousered Philanthropists,"Robert Tressell, Peter Miles",1914
1889,Staying Alive,Neil Astley,2003
1890,The Lost Honour of Katharina Blum,Heinrich Böll,1974
1891,The Opposing Shore,Julien Gracq,1951
1892,Riddley Walker,Russell Hoban,1980
1893,Portrait of an Artist with 26 Horses,William Eastlake,1962
1894,The Bronc People,William Eastlake,1958
1895,Go in Beauty,William Eastlake,1956
1896,The Kindly One,Jonathan Littell,2006
1897,The Franchiser,Stanley Elkin,1976
1898,The Wonderful Adventures of Nils,Selma Lagerlöf,1906
1899,Lady into Fox,David Garnett,1922
1900,The PowerBook,Jeanette Winterson,2002
1901,The Martian Chronicles,Ray Bradbury,1950
1902,Skinny Legs and All,Tom Robbins,1990
1903,The Ravishing of Lol Stein,Marguerite Duras,1964
1904,The Age of Wire and String,Ben Marcus,1995
1905,The Interrogation,J. M. G. Le Clezio,1963
1906,Tropisms,Nathalie Sarraute,1939
1907,Tlooth,Harry Mathews,1966
1908,"Blind Willow, Sleeping Woman",Haruki Murakami,2006
1909,War Music,Christopher Logue,2009
1910,The Damned Utd,David Peace,2006
1911,Matilda,Roald Dahl,1988
1912,A Sight for Sore Eyes,Ruth Rendell,1998
1913,Collected Poems of Michael Donaghy,Michael Donaghy,2009
1914,The Flight from the Enchanter,Iris Murdoch,1956
1915,The Claw Of The Conciliator,Gene Wolfe,1981
1916,The Sword of the Lictor,Gene Wolfe,1982
1917,The Citadel of the Autarch,Gene Wolfe,1983
1918,The Shadow of the Torturer,Gene Wolfe,1980
1919,Eustace and Hilda,L.P. Hartley,1944
1920,Legs,William Kennedy,1975
1921,Billy Phelan's Greatest Game,William Kennedy,1978
1922,James and the Giant Peach,Roald Dahl,1961
1923,"Bright Lights, Big City",Jay McInerney,1984
1924,The Tunnel,William H. Gass,1995
1925,The General of the Dead Army,Ismail Kadare,1963
1926,"Go Down, Moses",William Faulkner,1942
1927,The Emperor's Children,Claire Messud,2006
1928,Omensetter's Luck,William H. Gass,1966
1929,Born Yesterday,Gordon Burn,2008
1930,Holes,Louis Sachar,1998
1931,Darconville's Cat,Alexander Theroux,1981
1932,The Enchantress of Florence,Salman Rushdie,2008
1933,The Strange Case of Peter the Lett,Georges Simenon,1931
1934,Up,Ronald Sukenick,1968
1935,The Golden Apples,Eudora Welty,1949
1936,Yellow Back Radio Broke-Down,Ishmael Reed,1969
1937,A Home at the End of the World,Michael Cunningham,1990
1938,The Ruins,Scott Smith,2006
1939,"Everything Ravaged, Everything Burned",Wells Tower,2009
1940,Furor and Mystery,René Char,1948
1941,You Bright and Risen Angels,William T. Vollmann,1987
1942,Close Range: Wyoming Stories,Annie Proulx,1999
1943,No Orchids for Miss Blandish,James Hadley Chase,1939
1944,Blake and Mortimer,Edgar P. Jacobs,1946
1945,The Universal Baseball Association,Robert Coover,1968
1946,Unless,Carol Shields,2002
1947,Creamy and Delicious,Steve Katz,1970
1948,Presumed Innocent,Scott Turow,1987
1949,Second Thoughts,Michel Butor,1957
1950,The Burden of Our Time,Hannah Arendt,1951
1951,More Than Human,Theodore Sturgeon,1951
1952,District and Circle,Seamus Heaney,2006
1953,The Last Gentleman,Walker Percy,1966
1954,The Carhullan Army,Sarah Hall,2007
1955,Mulligan Stew,Gilbert Sorrentino,1979
1956,The Rosy Crucifixion,Henry Miller,1949
1957,Kaaterskill Falls,Allegra Goodman,1998
1958,The Emperor's Babe,Bernardine Evaristo,2001
1959,Amers,Saint-John Perse,1957
1960,Easy Travel to Other Planets,Ted Mooney,1981
1961,Gaston,André Franquin,1957
1962,Tours of the Black Clock,Steve Erickson,1989
1963,The Lost Leader,Mick Imlah,2008
1964,In Memoriam to Identity,Kathy Acker,1990
1965,Practical Magic,Alice Hoffman,1996
1966,The Position,Meg Wolitzer,2005
1967,Hogg,Samuel Delany,1996
1968,Quarantine,Jim Crace,1997
1969,The Cunning Man,Robertson Davies,1994
1970,Speak,Laurie Halse Anderson,1999
1971,Carter Beats The Devil,Glen David Gold,2001
1972,"Henry IV, Part I",William Shakespeare,1597
1973,The Collected Poems of Audre Lorde,Audre Lorde,1997
1974,The Taming of the Shrew,William Shakespeare,1592
1975,The Terror,Dan Simmons,2007
1976,Pure,Andrew Miller,2011
1977,The Spirit Level,Seamus Heaney,1996
1978,The Chip Chip Gatherers,Shiva Naipaul,1973
1979,Elegies,Douglas Dunn,1985
1980,The Absolutely True Diary of a Part-Time Indian,Sherman Alexie,2007
1981,The Child in Time,Ian McEwan,1987
1982,The Destiny Waltz,Gerda Charles,1971
1983,The Chymical Wedding,Lindsay Clarke,1989
1984,American Tabloid,James Ellroy,1995
1985,The Lion and the Mouse,Jerry Pinkney,2009
1986,"Brown Girl, Brownstones",Paule Marshall,1959
1987,Twelve Bar Blues,Patrick Neate,2001
1988,The Art of Fielding,Chad Harbach,2011
1989,Plainsong,Kent Haruf,1999
1990,Women,Charles Bukowski,1978
1991,The Tragical History of Doctor Faustus,Christopher Marlowe,1604
1992,The Collected Stories,Grace Paley,1994
1993,Jonathan Strange and Mr Norrell,Susanna Clarke ,2004
1994,The Pearl,John Steinbeck,1947
1995,Autobiography of an Ex-Colored Man,James Weldon Johnson,1912
1996,Lolly Willowes,Sylvia Townsend Warner,1926
1997,The Bluest Eye,Toni Morrison,1970
1998,Joy in the Morning,P. G. Wodehouse,1946
1999,Maggie: A Girl of the Streets,Stephen Crane,1893
2000,The Dispossessed,Ursula K. Le Guin,1974
2001,Flowering Judas and Other Stories,Katherine Anne Porter,1930
2002,Restless,William Boyd,2006
2003,Brown Girl Dreaming,Jacqueline Woodson,2014
2004,Injury Time,Beryl Bainbridge,1977
2005,How Far Can You Go?,David Lodge,1980
2006,Leading the Cheers,Justin Cartwright,1998
2007,The History of Mr. Polly,H. G. Wells,1910
2008,Time's Arrow,Martin Amis,1991
2009,The Professional,W.C. Heinz,1958
2010,Savages: A Novel,Don Winslow,2010
2011,The Bird of Night,Susan Hill,1972
2012,Swing Hammer Swing!,Jeff Torrington,1992
2013,Sybil: Or The Two Nations,Benjamin Disraeli,1845
2014,Music and Silence,Rose Tremain,1999
2015,The Sign of Four,Sir Arthur Conan Doyle,1890
2016,Speedboat,Renata Adler,1976
2017,Picture Palace,Paul Theroux,1978
2018,"Poems: Selected and New, 1950-1974",Adrienne Rich,1974
2019,English Passengers,Matthew Kneale,2000
2020,Young Shoulders,John Wain,1982
2021,Collected Poems,Jack Gilbert,2012
2022,The Shawl,Cynthia Ozick,1989
2023,The Complete Poems of Marianne Moore,Marianne Moore,1958
2024,The Dharma Bums,Jack Kerouac,1958
2025,Building Stories,Chris Ware,2012
2026,How the Garcia Girls Lost Their Accents,Julia Alvarez,1991
2027,Every Man for Himself,Beryl Bainbridge,1996
2028,Behind of the Scenes at the Museum,Kate Atkinson,1995
2029,Hopeful Monsters,Nicholas Mosley,1990
2030,Gentlemen Prefer Blondes: The Illuminating Diary of a Professional Lady ,Anita Loos,1925
2031,The Ice Storm: A Novel,Rick Moody,1994
2032,Collected Poems,Jane Kenyon,2005
2033,Saturday,Ian McEwan,2005
2034,The Story Of Edgar Sawtelle,David Wroblewski,2008
2035,A Perfect Spy,John le Carré,1986
2036,Hard Times,Charles Dickens,1854
2037,The Continental Op,Dashiell Hammett,1923
2038,Day,A.L. Kennedy,2007
2039,The Beginning of Spring,Penelope Fitzgerald,1988
2040,Docherty,William McIlvanney,1975
2041,My Name Is Lucy Barton,Elizabeth Strout,2016
2042,Airships,Barry Hannah,1978
2043,The Time Traveler's Wife,Audrey Niffenegger,2003
2044,The Old Jest,Jennifer Johnston,1979
2045,The Sacred and Profane Love Machine,Iris Murdoch,1974
2046,CivilWarLand in Bad Decline,George Saunders,1996
2047,Poor Things,Alasdair Gray,1992
2048,Kruger's Alp,Christopher Hope,1984
2049,Dangerous Laughter,Steven Millhauser,2008
2050,The Queen of the Tambourine,Jane Gardam,1991
2051,On the Bus with Rosa Parks,Rita Dove,1999
2052,The Merchant of Venice,William Shakespeare,1598
2053,Samuel Pepys: The Unequalled Self,Claire Tomalin,2002
2054,The Children of Dynmouth,William Trevor,1976
2055,The Heat of the Day,Elizabeth Bowen,1948
2056,Fools of Fortune,William Trevor,1983
2057,African Stories,Doris Lessing,1964
2058,City of Glass,Paul Auster,1985
2059,Hadrian the Seventh,Frederick Rolfe,1904
2060,A Single Man,Christopher Isherwood,1964
2061,Theory of War,Joan Brady,1993
2062,Outside Over There,Maurice Sendak,1981
2063,Spies,Michael Frayn,2002
2064,The Comforts of Madness,Paul Sayer,1988
2065,Felicia's Journey,William Trevor,1994
2066,Landing Light,Don Paterson,2003
2067,The Hand That First Held Mine,Maggie O'Farrell,2010
2068,Silver City,Maurice Leitch,1981
2069,Home to Harlem,Claude McKay,1928
2070,A Fan's Notes,Frederick Exley,1968
2071,Geek Love: A Novel,Katherine Dunn,1989
2072,The Tenderness of Wolves,Stef Penney,2006
2073,Bad Behavior: Stories,Mary Gaitskill,1988
2074,Extremely Loud and Incredibly Close,Jonathan Safran Foer,2005
2075,The Epicure's Lament,Kate Christensen,2004
,Plays,Pierre Corneille,1684
,Selected Plays of Henrick Ibsen,Henrik Ibsen,1906
,Selected Plays of George Bernard Shaw,George Bernard Shaw,1950
,Titus Alone,Mervyn Peake,1959
,Titus Groan,Mervyn Peake,1946
,Meghadūta,Kālidāsa,350
,Gormenghast,Mervyn Peake,1950
,The Chronicles of Narnia,C. S. Lewis,1950
,The Works of Moliere,Molière,1673
,The Deptford Trilogy,Robertson Davies,1970
,The Human Comedy,Honoré de Balzac,1845
,The Complete Plays of Jean Racine,Jean Racine,1699
,Your Face Tomorrow: Dance and dream,Javier Marías,2004
,Your Face Tomorrow: Fever and Spear,Javier Marías,2002
,"Your Face Tomorrow: Poison, Shadow and Farewell",Javier Marias,2007
,The Forsyte Saga,John Galsworthy,1922
